#
# There is insufficient memory for the Java Runtime Environment to continue.
# Native memory allocation (mmap) failed to map 1035993088 bytes. Error detail: G1 virtual space
# Possible reasons:
#   The system is out of physical RAM or swap space
#   This process is running with CompressedOops enabled, and the Java Heap may be blocking the growth of the native heap
# Possible solutions:
#   Reduce memory load on the system
#   Increase physical memory or swap space
#   Check if swap backing store is full
#   Decrease Java heap size (-Xmx/-Xms)
#   Decrease number of Java threads
#   Decrease Java thread stack sizes (-Xss)
#   Set larger code cache with -XX:ReservedCodeCacheSize=
#   JVM is running with Zero Based Compressed Oops mode in which the Java heap is
#     placed in the first 32GB address space. The Java Heap base address is the
#     maximum limit for the native heap growth. Please use -XX:HeapBaseMinAddress
#     to set the Java Heap base and to place the Java Heap above 32GB virtual address.
# This output file may be truncated or incomplete.
#
#  Out of Memory Error (os_windows.cpp:3926), pid=2168, tid=31668
#
# JRE version: OpenJDK Runtime Environment JBR-21.0.11+1-1163.116-nomod (21.0.11+1) (build 21.0.11+1-b1163.116)
# Java VM: OpenJDK 64-Bit Server VM JBR-21.0.11+1-1163.116-nomod (21.0.11+1-b1163.116, mixed mode, sharing, tiered, compressed oops, compressed class ptrs, g1 gc, windows-amd64)
# No core dump will be written. Minidumps are not enabled by default on client versions of Windows
#

---------------  S U M M A R Y ------------

Command Line: --add-opens=java.base/java.lang=ALL-UNNAMED --add-opens=java.base/java.lang.invoke=ALL-UNNAMED --add-opens=java.base/java.util=ALL-UNNAMED --add-opens=java.prefs/java.util.prefs=ALL-UNNAMED --add-exports=jdk.compiler/com.sun.tools.javac.api=ALL-UNNAMED --add-exports=jdk.compiler/com.sun.tools.javac.util=ALL-UNNAMED --add-opens=java.base/java.util=ALL-UNNAMED --add-opens=java.prefs/java.util.prefs=ALL-UNNAMED --add-opens=java.base/java.nio.charset=ALL-UNNAMED --add-opens=java.base/java.net=ALL-UNNAMED --add-opens=java.base/java.util.concurrent.atomic=ALL-UNNAMED --add-opens=java.xml/javax.xml.namespace=ALL-UNNAMED -Xmx4096M -Dfile.encoding=UTF-8 -Duser.country=US -Duser.language=en -Duser.variant -javaagent:C:\Users\mutha_rx3lv8e\.gradle\wrapper\dists\gradle-8.13-bin\5xuhj0ry160q40clulazy9h7d\gradle-8.13\lib\agents\gradle-instrumentation-agent-8.13.jar org.gradle.launcher.daemon.bootstrap.GradleDaemon 8.13

Host: Intel(R) Core(TM) i7-8665U CPU @ 1.90GHz, 8 cores, 15G,  Windows 11 , 64 bit Build 26100 (10.0.26100.9022)
Time: Tue Aug 18 15:33:46 2026 India Standard Time elapsed time: 11703.188194 seconds (0d 3h 15m 3s)

---------------  T H R E A D  ---------------

Current thread (0x000002bcce7f2020):  VMThread "VM Thread"          [id=31668, stack(0x000000bf19a00000,0x000000bf19b00000) (1024K)]

Stack: [0x000000bf19a00000,0x000000bf19b00000]
Native frames: (J=compiled Java code, j=interpreted, Vv=VM code, C=native code)
V  [jvm.dll+0x6ed7f9]  os::win32::platform_print_native_stack+0xd9  (os_windows_x86.cpp:236)
V  [jvm.dll+0x8cbfcb]  VMError::report+0xd8b  (vmError.cpp:1022)
V  [jvm.dll+0x8ce76a]  VMError::report_and_die+0x79a  (vmError.cpp:1890)
V  [jvm.dll+0x8cee43]  VMError::report_and_die+0x43  (vmError.cpp:1660)
V  [jvm.dll+0x28e496]  report_vm_out_of_memory+0x56  (debug.cpp:225)
V  [jvm.dll+0x6ea0b5]  os::pd_commit_memory_or_exit+0x75  (os_windows.cpp:3934)
V  [jvm.dll+0x6ddada]  os::commit_memory_or_exit+0x2a  (os.cpp:1994)
V  [jvm.dll+0x369d2e]  G1PageBasedVirtualSpace::commit+0xde  (g1PageBasedVirtualSpace.cpp:196)
V  [jvm.dll+0x371bfb]  G1RegionsLargerThanCommitSizeMapper::commit_regions+0x7b  (g1RegionToSpaceMapper.cpp:100)
V  [jvm.dll+0x3c3829]  HeapRegionManager::expand_any+0xa9  (heapRegionManager.cpp:344)
V  [jvm.dll+0x3c3acb]  HeapRegionManager::expand_by+0xcb  (heapRegionManager.cpp:361)
V  [jvm.dll+0x33d037]  G1CollectedHeap::expand+0xb7  (g1CollectedHeap.cpp:1114)
V  [jvm.dll+0x33d0c7]  G1CollectedHeap::expand_heap_after_young_collection+0x37  (g1CollectedHeap.cpp:2521)
V  [jvm.dll+0x3824d2]  G1YoungCollector::post_evacuate_collection_set+0x3f2  (g1YoungCollector.cpp:1008)
V  [jvm.dll+0x380c7e]  G1YoungCollector::collect+0x43e  (g1YoungCollector.cpp:1078)
V  [jvm.dll+0x33c791]  G1CollectedHeap::do_collection_pause_at_safepoint+0x111  (g1CollectedHeap.cpp:2533)
V  [jvm.dll+0x3802ba]  VM_G1CollectForAllocation::doit+0x6a  (g1VMOperations.cpp:147)
V  [jvm.dll+0x8d4bff]  VM_Operation::evaluate+0x10f  (vmOperations.cpp:77)
V  [jvm.dll+0x8d62c3]  VMThread::inner_execute+0x263  (vmThread.cpp:435)
V  [jvm.dll+0x8d6834]  VMThread::loop+0x264  (vmThread.cpp:502)
V  [jvm.dll+0x8d6933]  VMThread::run+0x63  (vmThread.cpp:180)
V  [jvm.dll+0x875cad]  Thread::call_run+0xcd  (thread.cpp:231)
V  [jvm.dll+0x6ebf5d]  os::win32::thread_native_entry+0x7d  (os_windows.cpp:557)
C  [ucrtbase.dll+0x2cd30]
C  [KERNEL32.DLL+0x2ccb7]
C  [ntdll.dll+0xb91cc]

VM_Operation (0x000000bf1e1fc8f0): G1CollectForAllocation, mode: safepoint, requested by thread 0x000002bd1d56afc0


---------------  P R O C E S S  ---------------

Threads class SMR info:
_java_thread_list=0x000002bd230defc0, length=78, elements={
0x000002bcb1754000, 0x000002bcce80b650, 0x000002bcce8113b0, 0x000002bcce811c20,
0x000002bcce81afe0, 0x000002bcce8208d0, 0x000002bcce821d30, 0x000002bcce823520,
0x000002bcce8317c0, 0x000002bcce837300, 0x000002bcceaf74f0, 0x000002bd1642a6f0,
0x000002bd163aa390, 0x000002bd165eef60, 0x000002bd16b03fe0, 0x000002bd16b02c30,
0x000002bd16b032c0, 0x000002bd19080100, 0x000002bd19082860, 0x000002bd19082ef0,
0x000002bd19080790, 0x000002bd190842a0, 0x000002bd19086a00, 0x000002bd1aaee0f0,
0x000002bd1aaee780, 0x000002bd19cb2480, 0x000002bd19cb5f90, 0x000002bd19cb2b10,
0x000002bd1974f3c0, 0x000002bd1b20eb60, 0x000002bd191008f0, 0x000002bd19675b40,
0x000002bd16ac5d90, 0x000002bd16acb2e0, 0x000002bd1bc6fe80, 0x000002bd1bc78850,
0x000002bd1bc7a920, 0x000002bd1bc7a290, 0x000002bd190f7200, 0x000002bd1bc79570,
0x000002bd1bc79c00, 0x000002bd252cee40, 0x000002bd252cf4d0, 0x000002bd252cb330,
0x000002bd1a37d5c0, 0x000002bd252d22c0, 0x000002bd1b210c30, 0x000002bd1b20f1f0,
0x000002bd1b20f880, 0x000002bd1b2112c0, 0x000002bd1b20ff10, 0x000002bd1b211950,
0x000002bd1b20e4d0, 0x000002bd1b213390, 0x000002bd1b2140b0, 0x000002bd1b213a20,
0x000002bd1b215460, 0x000002bd1b211fe0, 0x000002bd1b215af0, 0x000002bd1b212670,
0x000002bd1d564030, 0x000002bd1d564d50, 0x000002bd1d561f60, 0x000002bd1d565a70,
0x000002bd1d5625f0, 0x000002bd1d566100, 0x000002bd1d562c80, 0x000002bd1d566790,
0x000002bd1d563310, 0x000002bd1d566e20, 0x000002bd1d5674b0, 0x000002bd1d56a2a0,
0x000002bd1d56afc0, 0x000002bd1d567b40, 0x000002bd1d568860, 0x000002bd1d56b650,
0x000002bd1d5681d0, 0x000002bd1d568ef0
}

Java Threads: ( => current thread )
  0x000002bcb1754000 JavaThread "main"                              [_thread_blocked, id=22448, stack(0x000000bf19300000,0x000000bf19400000) (1024K)]
  0x000002bcce80b650 JavaThread "Common-Cleaner"             daemon [_thread_blocked, id=22360, stack(0x000000bf19b00000,0x000000bf19c00000) (1024K)]
  0x000002bcce8113b0 JavaThread "Reference Handler"          daemon [_thread_blocked, id=5488, stack(0x000000bf19c00000,0x000000bf19d00000) (1024K)]
  0x000002bcce811c20 JavaThread "Finalizer"                  daemon [_thread_blocked, id=9704, stack(0x000000bf19d00000,0x000000bf19e00000) (1024K)]
  0x000002bcce81afe0 JavaThread "Signal Dispatcher"          daemon [_thread_blocked, id=144, stack(0x000000bf19e00000,0x000000bf19f00000) (1024K)]
  0x000002bcce8208d0 JavaThread "Attach Listener"            daemon [_thread_blocked, id=15636, stack(0x000000bf19f00000,0x000000bf1a000000) (1024K)]
  0x000002bcce821d30 JavaThread "Service Thread"             daemon [_thread_blocked, id=19960, stack(0x000000bf1a000000,0x000000bf1a100000) (1024K)]
  0x000002bcce823520 JavaThread "Monitor Deflation Thread"   daemon [_thread_blocked, id=28316, stack(0x000000bf1a100000,0x000000bf1a200000) (1024K)]
  0x000002bcce8317c0 JavaThread "C2 CompilerThread0"         daemon [_thread_blocked, id=21932, stack(0x000000bf1a200000,0x000000bf1a300000) (1024K)]
  0x000002bcce837300 JavaThread "C1 CompilerThread0"         daemon [_thread_blocked, id=792, stack(0x000000bf1a300000,0x000000bf1a400000) (1024K)]
  0x000002bcceaf74f0 JavaThread "Notification Thread"        daemon [_thread_blocked, id=29816, stack(0x000000bf1a400000,0x000000bf1a500000) (1024K)]
  0x000002bd1642a6f0 JavaThread "Daemon health stats"               [_thread_blocked, id=28996, stack(0x000000bf19000000,0x000000bf19100000) (1024K)]
  0x000002bd163aa390 JavaThread "Incoming local TCP Connector on port 62459"        [_thread_in_native, id=18188, stack(0x000000bf1aa00000,0x000000bf1ab00000) (1024K)]
  0x000002bd165eef60 JavaThread "Daemon periodic checks"            [_thread_blocked, id=24124, stack(0x000000bf1ab00000,0x000000bf1ac00000) (1024K)]
  0x000002bd16b03fe0 JavaThread "Cache worker for journal cache (C:\Users\mutha_rx3lv8e\.gradle\caches\journal-1)"        [_thread_blocked, id=23712, stack(0x000000bf1b500000,0x000000bf1b600000) (1024K)]
  0x000002bd16b02c30 JavaThread "File lock request listener"        [_thread_in_native, id=22648, stack(0x000000bf1b700000,0x000000bf1b800000) (1024K)]
  0x000002bd16b032c0 JavaThread "Cache worker for file hash cache (C:\Users\mutha_rx3lv8e\.gradle\caches\8.13\fileHashes)"        [_thread_blocked, id=3056, stack(0x000000bf1b800000,0x000000bf1b900000) (1024K)]
  0x000002bd19080100 JavaThread "Cache worker for file content cache (C:\Users\mutha_rx3lv8e\.gradle\caches\8.13\fileContent)"        [_thread_blocked, id=14552, stack(0x000000bf1be00000,0x000000bf1bf00000) (1024K)]
  0x000002bd19082860 JavaThread "File watcher server"        daemon [_thread_blocked, id=24904, stack(0x000000bf1bf00000,0x000000bf1c000000) (1024K)]
  0x000002bd19082ef0 JavaThread "File watcher consumer"      daemon [_thread_blocked, id=19756, stack(0x000000bf1c000000,0x000000bf1c100000) (1024K)]
  0x000002bd19080790 JavaThread "jar transforms"                    [_thread_blocked, id=8852, stack(0x000000bf1c100000,0x000000bf1c200000) (1024K)]
  0x000002bd190842a0 JavaThread "jar transforms Thread 2"           [_thread_blocked, id=30736, stack(0x000000bf1c200000,0x000000bf1c300000) (1024K)]
  0x000002bd19086a00 JavaThread "jar transforms Thread 3"           [_thread_blocked, id=26892, stack(0x000000bf1b600000,0x000000bf1b700000) (1024K)]
  0x000002bd1aaee0f0 JavaThread "jar transforms Thread 4"           [_thread_blocked, id=27260, stack(0x000000bf1b900000,0x000000bf1ba00000) (1024K)]
  0x000002bd1aaee780 JavaThread "jar transforms Thread 5"           [_thread_blocked, id=17364, stack(0x000000bf1d400000,0x000000bf1d500000) (1024K)]
  0x000002bd19cb2480 JavaThread "jar transforms Thread 6"           [_thread_blocked, id=8752, stack(0x000000bf1db00000,0x000000bf1dc00000) (1024K)]
  0x000002bd19cb5f90 JavaThread "jar transforms Thread 7"           [_thread_blocked, id=8976, stack(0x000000bf1dc00000,0x000000bf1dd00000) (1024K)]
  0x000002bd19cb2b10 JavaThread "jar transforms Thread 8"           [_thread_blocked, id=22112, stack(0x000000bf1dd00000,0x000000bf1de00000) (1024K)]
  0x000002bd1974f3c0 JavaThread "Memory manager"                    [_thread_blocked, id=29712, stack(0x000000bf20200000,0x000000bf20300000) (1024K)]
  0x000002bd1b20eb60 JavaThread "pool-3-thread-1"                   [_thread_blocked, id=10580, stack(0x000000bf20100000,0x000000bf20200000) (1024K)]
  0x000002bd191008f0 JavaThread "pool-5-thread-1"                   [_thread_blocked, id=12496, stack(0x000000bf1cf00000,0x000000bf1d000000) (1024K)]
  0x000002bd19675b40 JavaThread "pool-8-thread-1"                   [_thread_blocked, id=31736, stack(0x000000bf1e300000,0x000000bf1e400000) (1024K)]
  0x000002bd16ac5d90 JavaThread "RMI Scheduler(0)"           daemon [_thread_blocked, id=13088, stack(0x000000bf1c400000,0x000000bf1c500000) (1024K)]
  0x000002bd16acb2e0 JavaThread "RMI TCP Accept-0"           daemon [_thread_in_native, id=27308, stack(0x000000bf20000000,0x000000bf20100000) (1024K)]
  0x000002bd1bc6fe80 JavaThread "pool-11-thread-1"                  [_thread_blocked, id=10688, stack(0x000000bf1d300000,0x000000bf1d400000) (1024K)]
  0x000002bd1bc78850 JavaThread "pool-13-thread-1"                  [_thread_blocked, id=30912, stack(0x000000bf1d600000,0x000000bf1d700000) (1024K)]
  0x000002bd1bc7a920 JavaThread "pool-16-thread-1"                  [_thread_blocked, id=16600, stack(0x000000bf1d100000,0x000000bf1d200000) (1024K)]
  0x000002bd1bc7a290 JavaThread "pool-18-thread-1"                  [_thread_blocked, id=29504, stack(0x000000bf1da00000,0x000000bf1db00000) (1024K)]
  0x000002bd190f7200 JavaThread "pool-21-thread-1"                  [_thread_blocked, id=29532, stack(0x000000bf1d800000,0x000000bf1d900000) (1024K)]
  0x000002bd1bc79570 JavaThread "pool-23-thread-1"                  [_thread_blocked, id=28176, stack(0x000000bf1d900000,0x000000bf1da00000) (1024K)]
  0x000002bd1bc79c00 JavaThread "pool-26-thread-1"                  [_thread_blocked, id=32356, stack(0x000000bf1d200000,0x000000bf1d300000) (1024K)]
  0x000002bd252cee40 JavaThread "pool-28-thread-1"                  [_thread_blocked, id=18324, stack(0x000000bf1de00000,0x000000bf1df00000) (1024K)]
  0x000002bd252cf4d0 JavaThread "pool-31-thread-1"                  [_thread_blocked, id=3328, stack(0x000000bf1d500000,0x000000bf1d600000) (1024K)]
  0x000002bd252cb330 JavaThread "pool-33-thread-1"                  [_thread_blocked, id=6256, stack(0x000000bf1e400000,0x000000bf1e500000) (1024K)]
  0x000002bd1a37d5c0 JavaThread "pool-35-thread-1"                  [_thread_blocked, id=9324, stack(0x000000bf1d700000,0x000000bf1d800000) (1024K)]
  0x000002bd252d22c0 JavaThread "pool-37-thread-1"                  [_thread_blocked, id=31928, stack(0x000000bf1e200000,0x000000bf1e300000) (1024K)]
  0x000002bd1b210c30 JavaThread "Daemon Thread 10"                  [_thread_blocked, id=23932, stack(0x000000bf18f00000,0x000000bf19000000) (1024K)]
  0x000002bd1b20f1f0 JavaThread "Handler for socket connection from /127.0.0.1:62459 to /127.0.0.1:52338"        [_thread_in_native, id=33176, stack(0x000000bf1ac00000,0x000000bf1ad00000) (1024K)]
  0x000002bd1b20f880 JavaThread "Cancel handler"                    [_thread_blocked, id=3004, stack(0x000000bf1ad00000,0x000000bf1ae00000) (1024K)]
  0x000002bd1b2112c0 JavaThread "Daemon worker Thread 10"           [_thread_blocked, id=31256, stack(0x000000bf1af00000,0x000000bf1b000000) (1024K)]
  0x000002bd1b20ff10 JavaThread "Asynchronous log dispatcher for DefaultDaemonConnection: socket connection from /127.0.0.1:62459 to /127.0.0.1:52338"        [_thread_blocked, id=21780, stack(0x000000bf1b000000,0x000000bf1b100000) (1024K)]
  0x000002bd1b211950 JavaThread "Stdin handler"                     [_thread_blocked, id=12132, stack(0x000000bf1b100000,0x000000bf1b200000) (1024K)]
  0x000002bd1b20e4d0 JavaThread "Daemon client event forwarder"        [_thread_blocked, id=24892, stack(0x000000bf1b200000,0x000000bf1b300000) (1024K)]
  0x000002bd1b213390 JavaThread "Cache worker for file hash cache (D:\schoofi\TNT-Kotlin\.gradle\8.13\fileHashes)"        [_thread_blocked, id=5172, stack(0x000000bf1b300000,0x000000bf1b400000) (1024K)]
  0x000002bd1b2140b0 JavaThread "Cache worker for checksums cache (D:\schoofi\TNT-Kotlin\.gradle\8.13\checksums)"        [_thread_blocked, id=9616, stack(0x000000bf1ba00000,0x000000bf1bb00000) (1024K)]
  0x000002bd1b213a20 JavaThread "Cache worker for Build Output Cleanup Cache (D:\schoofi\TNT-Kotlin\.gradle\buildOutputCleanup)"        [_thread_blocked, id=31964, stack(0x000000bf1bb00000,0x000000bf1bc00000) (1024K)]
  0x000002bd1b215460 JavaThread "build event listener"              [_thread_blocked, id=15448, stack(0x000000bf1c300000,0x000000bf1c400000) (1024K)]
  0x000002bd1b211fe0 JavaThread "build event listener"              [_thread_blocked, id=31480, stack(0x000000bf1c500000,0x000000bf1c600000) (1024K)]
  0x000002bd1b215af0 JavaThread "build event listener"              [_thread_blocked, id=29652, stack(0x000000bf1c600000,0x000000bf1c700000) (1024K)]
  0x000002bd1b212670 JavaThread "Build operations"                  [_thread_blocked, id=29784, stack(0x000000bf1c700000,0x000000bf1c800000) (1024K)]
  0x000002bd1d564030 JavaThread "included builds"                   [_thread_blocked, id=22592, stack(0x000000bf1bd00000,0x000000bf1be00000) (1024K)]
  0x000002bd1d564d50 JavaThread "Execution worker"                  [_thread_blocked, id=10312, stack(0x000000bf1c800000,0x000000bf1c900000) (1024K)]
  0x000002bd1d561f60 JavaThread "Execution worker Thread 2"         [_thread_blocked, id=29380, stack(0x000000bf1c900000,0x000000bf1ca00000) (1024K)]
  0x000002bd1d565a70 JavaThread "Execution worker Thread 3"         [_thread_blocked, id=15656, stack(0x000000bf1ca00000,0x000000bf1cb00000) (1024K)]
  0x000002bd1d5625f0 JavaThread "Execution worker Thread 4"         [_thread_blocked, id=1356, stack(0x000000bf1cb00000,0x000000bf1cc00000) (1024K)]
  0x000002bd1d566100 JavaThread "Execution worker Thread 5"         [_thread_blocked, id=15904, stack(0x000000bf1cc00000,0x000000bf1cd00000) (1024K)]
  0x000002bd1d562c80 JavaThread "Execution worker Thread 6"         [_thread_blocked, id=24868, stack(0x000000bf1cd00000,0x000000bf1ce00000) (1024K)]
  0x000002bd1d566790 JavaThread "Execution worker Thread 7"         [_thread_blocked, id=11568, stack(0x000000bf1ce00000,0x000000bf1cf00000) (1024K)]
  0x000002bd1d563310 JavaThread "Cache worker for execution history cache (D:\schoofi\TNT-Kotlin\.gradle\8.13\executionHistory)"        [_thread_blocked, id=21676, stack(0x000000bf1d000000,0x000000bf1d100000) (1024K)]
  0x000002bd1d566e20 JavaThread "pool-40-thread-1"                  [_thread_blocked, id=28992, stack(0x000000bf1df00000,0x000000bf1e000000) (1024K)]
  0x000002bd1d5674b0 JavaThread "WorkerExecutor Queue"              [_thread_blocked, id=6728, stack(0x000000bf1ae00000,0x000000bf1af00000) (1024K)]
  0x000002bd1d56a2a0 JavaThread "WorkerExecutor Queue Thread 2"        [_thread_blocked, id=13076, stack(0x000000bf1e000000,0x000000bf1e100000) (1024K)]
  0x000002bd1d56afc0 JavaThread "WorkerExecutor Queue Thread 3"        [_thread_blocked, id=33780, stack(0x000000bf1e100000,0x000000bf1e200000) (1024K)]
  0x000002bd1d567b40 JavaThread "WorkerExecutor Queue Thread 4"        [_thread_blocked, id=15896, stack(0x000000bf1e500000,0x000000bf1e600000) (1024K)]
  0x000002bd1d568860 JavaThread "WorkerExecutor Queue Thread 5"        [_thread_blocked, id=25316, stack(0x000000bf1e600000,0x000000bf1e700000) (1024K)]
  0x000002bd1d56b650 JavaThread "WorkerExecutor Queue Thread 6"        [_thread_blocked, id=34636, stack(0x000000bf1e700000,0x000000bf1e800000) (1024K)]
  0x000002bd1d5681d0 JavaThread "WorkerExecutor Queue Thread 7"        [_thread_blocked, id=23000, stack(0x000000bf1e800000,0x000000bf1e900000) (1024K)]
  0x000002bd1d568ef0 JavaThread "WorkerExecutor Queue Thread 8"        [_thread_blocked, id=18912, stack(0x000000bf1e900000,0x000000bf1ea00000) (1024K)]
Total: 78

Other Threads:
=>0x000002bcce7f2020 VMThread "VM Thread"                           [id=31668, stack(0x000000bf19a00000,0x000000bf19b00000) (1024K)]
  0x000002bccbe299e0 WatcherThread "VM Periodic Task Thread"        [id=24784, stack(0x000000bf19900000,0x000000bf19a00000) (1024K)]
  0x000002bccbc51120 WorkerThread "GC Thread#0"                     [id=19228, stack(0x000000bf19400000,0x000000bf19500000) (1024K)]
  0x000002bcceb15720 WorkerThread "GC Thread#1"                     [id=28776, stack(0x000000bf1a500000,0x000000bf1a600000) (1024K)]
  0x000002bd154547e0 WorkerThread "GC Thread#2"                     [id=28956, stack(0x000000bf1a600000,0x000000bf1a700000) (1024K)]
  0x000002bd15454b90 WorkerThread "GC Thread#3"                     [id=31968, stack(0x000000bf1a700000,0x000000bf1a800000) (1024K)]
  0x000002bccebc76b0 WorkerThread "GC Thread#4"                     [id=22616, stack(0x000000bf1a800000,0x000000bf1a900000) (1024K)]
  0x000002bccebc7a60 WorkerThread "GC Thread#5"                     [id=31764, stack(0x000000bf1a900000,0x000000bf1aa00000) (1024K)]
  0x000002bd16b1f020 WorkerThread "GC Thread#6"                     [id=24264, stack(0x000000bf19100000,0x000000bf19200000) (1024K)]
  0x000002bd15cf68d0 WorkerThread "GC Thread#7"                     [id=32552, stack(0x000000bf1b400000,0x000000bf1b500000) (1024K)]
  0x000002bcb3d81150 ConcurrentGCThread "G1 Main Marker"            [id=21872, stack(0x000000bf19500000,0x000000bf19600000) (1024K)]
  0x000002bcb3d82980 WorkerThread "G1 Conc#0"                       [id=21116, stack(0x000000bf19600000,0x000000bf19700000) (1024K)]
  0x000002bd172101f0 WorkerThread "G1 Conc#1"                       [id=24408, stack(0x000000bf1bc00000,0x000000bf1bd00000) (1024K)]
  0x000002bccbcfcf30 ConcurrentGCThread "G1 Refine#0"               [id=27376, stack(0x000000bf19700000,0x000000bf19800000) (1024K)]
  0x000002bccbcfd560 ConcurrentGCThread "G1 Service"                [id=3652, stack(0x000000bf19800000,0x000000bf19900000) (1024K)]
Total: 15

Threads with active compile tasks:
C2 CompilerThread0  11703777 59373 %     4       com.android.tools.r8.internal.VS::a @ 292 (974 bytes)
Total: 1

VM state: at safepoint (normal execution)

VM Mutex/Monitor currently owned by a thread:  ([mutex/lock_event])
[0x00007ffdc6fcadb0] Threads_lock - owner thread: 0x000002bcce7f2020
[0x00007ffdc6fcaeb0] Heap_lock - owner thread: 0x000002bd1d56afc0

Heap address: 0x0000000700000000, size: 4096 MB, Compressed Oops mode: Zero based, Oop shift amount: 3

CDS archive(s) mapped at: [0x000002bccf000000-0x000002bcd0c20000-0x000002bcd0c20000), size 29491200, SharedBaseAddress: 0x000002bccf000000, ArchiveRelocationMode: 1.
Compressed class space mapped at: 0x000002bcd1000000-0x000002bd11000000, reserved size: 1073741824
Narrow klass base: 0x000002bccf000000, Narrow klass shift: 0, Narrow klass range: 0x100000000

GC Precious Log:
 CardTable entry size: 512
 Card Set container configuration: InlinePtr #cards 4 size 8 Array Of Cards #cards 16 size 48 Howl #buckets 8 coarsen threshold 3686 Howl Bitmap #cards 512 size 80 coarsen threshold 460 Card regions per heap region 1 cards per card region 4096
 CPUs: 8 total, 8 available
 Memory: 16198M
 Large Page Support: Disabled
 NUMA Support: Disabled
 Compressed Oops: Enabled (Zero based)
 Heap Region Size: 2M
 Heap Min Capacity: 8M
 Heap Initial Capacity: 254M
 Heap Max Capacity: 4G
 Pre-touch: Disabled
 Parallel Workers: 8
 Concurrent Workers: 2
 Concurrent Refinement Workers: 8
 Periodic GC: Disabled

Heap:
 garbage-first heap   total 520192K, used 247562K [0x0000000700000000, 0x0000000800000000)
  region size 2048K, 7 young (14336K), 7 survivors (14336K)
 Metaspace       used 165280K, committed 172416K, reserved 1245184K
  class space    used 22506K, committed 24960K, reserved 1048576K

Heap Regions: E=young(eden), S=young(survivor), O=old, HS=humongous(starts), HC=humongous(continues), CS=collection set, F=free, TAMS=top-at-mark-start, PB=parsable bottom
|   0|0x0000000700000000, 0x0000000700200000, 0x0000000700200000|100%|HS|  |TAMS 0x0000000700000000| PB 0x0000000700000000| Complete 
|   1|0x0000000700200000, 0x0000000700400000, 0x0000000700400000|100%|HC|  |TAMS 0x0000000700200000| PB 0x0000000700200000| Complete 
|   2|0x0000000700400000, 0x0000000700600000, 0x0000000700600000|100%| O|  |TAMS 0x0000000700400000| PB 0x0000000700400000| Untracked 
|   3|0x0000000700600000, 0x0000000700800000, 0x0000000700800000|100%| O|  |TAMS 0x0000000700600000| PB 0x0000000700600000| Untracked 
|   4|0x0000000700800000, 0x0000000700a00000, 0x0000000700a00000|100%| O|  |TAMS 0x0000000700800000| PB 0x0000000700800000| Untracked 
|   5|0x0000000700a00000, 0x0000000700bffff0, 0x0000000700c00000| 99%| O|  |TAMS 0x0000000700a00000| PB 0x0000000700a00000| Untracked 
|   6|0x0000000700c00000, 0x0000000700e00000, 0x0000000700e00000|100%|HS|  |TAMS 0x0000000700c00000| PB 0x0000000700c00000| Complete 
|   7|0x0000000700e00000, 0x0000000701000000, 0x0000000701000000|100%|HS|  |TAMS 0x0000000700e00000| PB 0x0000000700e00000| Complete 
|   8|0x0000000701000000, 0x00000007011fffd8, 0x0000000701200000| 99%| O|  |TAMS 0x0000000701000000| PB 0x0000000701000000| Untracked 
|   9|0x0000000701200000, 0x00000007013cf2a0, 0x0000000701400000| 90%| O|  |TAMS 0x0000000701200000| PB 0x0000000701200000| Untracked 
|  10|0x0000000701400000, 0x00000007015fffe0, 0x0000000701600000| 99%| O|  |TAMS 0x0000000701400000| PB 0x0000000701400000| Untracked 
|  11|0x0000000701600000, 0x00000007017ffab0, 0x0000000701800000| 99%| O|  |TAMS 0x0000000701600000| PB 0x0000000701600000| Untracked 
|  12|0x0000000701800000, 0x00000007019ffff8, 0x0000000701a00000| 99%| O|  |TAMS 0x0000000701800000| PB 0x0000000701800000| Untracked 
|  13|0x0000000701a00000, 0x0000000701c00000, 0x0000000701c00000|100%| O|  |TAMS 0x0000000701a00000| PB 0x0000000701a00000| Untracked 
|  14|0x0000000701c00000, 0x0000000701dfffc0, 0x0000000701e00000| 99%| O|  |TAMS 0x0000000701c00000| PB 0x0000000701c00000| Untracked 
|  15|0x0000000701e00000, 0x0000000702000000, 0x0000000702000000|100%| O|  |TAMS 0x0000000701e00000| PB 0x0000000701e00000| Untracked 
|  16|0x0000000702000000, 0x00000007021fffe0, 0x0000000702200000| 99%| O|  |TAMS 0x0000000702000000| PB 0x0000000702000000| Untracked 
|  17|0x0000000702200000, 0x00000007023ffff8, 0x0000000702400000| 99%| O|  |TAMS 0x0000000702200000| PB 0x0000000702200000| Untracked 
|  18|0x0000000702400000, 0x0000000702600000, 0x0000000702600000|100%| O|  |TAMS 0x0000000702400000| PB 0x0000000702400000| Untracked 
|  19|0x0000000702600000, 0x0000000702800000, 0x0000000702800000|100%| O|  |TAMS 0x0000000702600000| PB 0x0000000702600000| Untracked 
|  20|0x0000000702800000, 0x00000007029da218, 0x0000000702a00000| 92%| O|  |TAMS 0x0000000702800000| PB 0x0000000702800000| Untracked 
|  21|0x0000000702a00000, 0x0000000702bfffc0, 0x0000000702c00000| 99%| O|  |TAMS 0x0000000702a00000| PB 0x0000000702a00000| Untracked 
|  22|0x0000000702c00000, 0x0000000702c00000, 0x0000000702e00000|  0%| F|  |TAMS 0x0000000702c00000| PB 0x0000000702c00000| Untracked 
|  23|0x0000000702e00000, 0x0000000702ffffc8, 0x0000000703000000| 99%| O|  |TAMS 0x0000000702e00000| PB 0x0000000702e00000| Untracked 
|  24|0x0000000703000000, 0x00000007031ffff8, 0x0000000703200000| 99%| O|  |TAMS 0x0000000703000000| PB 0x0000000703000000| Untracked 
|  25|0x0000000703200000, 0x00000007033fffb0, 0x0000000703400000| 99%| O|  |TAMS 0x0000000703200000| PB 0x0000000703200000| Untracked 
|  26|0x0000000703400000, 0x00000007035ffff8, 0x0000000703600000| 99%| O|  |TAMS 0x0000000703400000| PB 0x0000000703400000| Untracked 
|  27|0x0000000703600000, 0x0000000703800000, 0x0000000703800000|100%| O|  |TAMS 0x0000000703600000| PB 0x0000000703600000| Untracked 
|  28|0x0000000703800000, 0x00000007039fffd0, 0x0000000703a00000| 99%| O|  |TAMS 0x0000000703800000| PB 0x0000000703800000| Untracked 
|  29|0x0000000703a00000, 0x0000000703bfffa8, 0x0000000703c00000| 99%| O|  |TAMS 0x0000000703a00000| PB 0x0000000703a00000| Untracked 
|  30|0x0000000703c00000, 0x0000000703e00000, 0x0000000703e00000|100%| O|  |TAMS 0x0000000703c00000| PB 0x0000000703c00000| Untracked 
|  31|0x0000000703e00000, 0x0000000703e00000, 0x0000000704000000|  0%| F|  |TAMS 0x0000000703e00000| PB 0x0000000703e00000| Untracked 
|  32|0x0000000704000000, 0x0000000704200000, 0x0000000704200000|100%| O|  |TAMS 0x0000000704000000| PB 0x0000000704000000| Untracked 
|  33|0x0000000704200000, 0x0000000704400000, 0x0000000704400000|100%| O|  |TAMS 0x0000000704200000| PB 0x0000000704200000| Untracked 
|  34|0x0000000704400000, 0x00000007045ffff0, 0x0000000704600000| 99%| O|  |TAMS 0x0000000704400000| PB 0x0000000704400000| Untracked 
|  35|0x0000000704600000, 0x00000007047ffff8, 0x0000000704800000| 99%| O|  |TAMS 0x0000000704600000| PB 0x0000000704600000| Untracked 
|  36|0x0000000704800000, 0x00000007049fffc8, 0x0000000704a00000| 99%| O|  |TAMS 0x0000000704800000| PB 0x0000000704800000| Untracked 
|  37|0x0000000704a00000, 0x0000000704c00000, 0x0000000704c00000|100%| O|  |TAMS 0x0000000704a00000| PB 0x0000000704a00000| Untracked 
|  38|0x0000000704c00000, 0x0000000704dfffd0, 0x0000000704e00000| 99%| O|  |TAMS 0x0000000704c00000| PB 0x0000000704c00000| Untracked 
|  39|0x0000000704e00000, 0x0000000705000000, 0x0000000705000000|100%| O|  |TAMS 0x0000000704e00000| PB 0x0000000704e00000| Untracked 
|  40|0x0000000705000000, 0x00000007051fffc8, 0x0000000705200000| 99%| O|  |TAMS 0x0000000705000000| PB 0x0000000705000000| Untracked 
|  41|0x0000000705200000, 0x00000007053fffe0, 0x0000000705400000| 99%| O|  |TAMS 0x0000000705200000| PB 0x0000000705200000| Untracked 
|  42|0x0000000705400000, 0x00000007055fffe0, 0x0000000705600000| 99%| O|  |TAMS 0x0000000705400000| PB 0x0000000705400000| Untracked 
|  43|0x0000000705600000, 0x00000007057fff88, 0x0000000705800000| 99%| O|  |TAMS 0x0000000705600000| PB 0x0000000705600000| Untracked 
|  44|0x0000000705800000, 0x0000000705a00000, 0x0000000705a00000|100%| O|  |TAMS 0x0000000705800000| PB 0x0000000705800000| Untracked 
|  45|0x0000000705a00000, 0x0000000705bffff8, 0x0000000705c00000| 99%| O|  |TAMS 0x0000000705a00000| PB 0x0000000705a00000| Untracked 
|  46|0x0000000705c00000, 0x0000000705dfffe8, 0x0000000705e00000| 99%| O|  |TAMS 0x0000000705c00000| PB 0x0000000705c00000| Untracked 
|  47|0x0000000705e00000, 0x0000000706000000, 0x0000000706000000|100%| O|  |TAMS 0x0000000705e00000| PB 0x0000000705e00000| Untracked 
|  48|0x0000000706000000, 0x00000007061ffff0, 0x0000000706200000| 99%| O|  |TAMS 0x0000000706000000| PB 0x0000000706000000| Untracked 
|  49|0x0000000706200000, 0x00000007063e3ed8, 0x0000000706400000| 94%| O|  |TAMS 0x0000000706200000| PB 0x0000000706200000| Untracked 
|  50|0x0000000706400000, 0x0000000706400000, 0x0000000706600000|  0%| F|  |TAMS 0x0000000706400000| PB 0x0000000706400000| Untracked 
|  51|0x0000000706600000, 0x00000007067fffe8, 0x0000000706800000| 99%| O|  |TAMS 0x0000000706600000| PB 0x0000000706600000| Untracked 
|  52|0x0000000706800000, 0x0000000706a00000, 0x0000000706a00000|100%| O|  |TAMS 0x0000000706800000| PB 0x0000000706800000| Untracked 
|  53|0x0000000706a00000, 0x0000000706bfffd0, 0x0000000706c00000| 99%| O|  |TAMS 0x0000000706a00000| PB 0x0000000706a00000| Untracked 
|  54|0x0000000706c00000, 0x0000000706df7470, 0x0000000706e00000| 98%| O|  |TAMS 0x0000000706c00000| PB 0x0000000706c00000| Untracked 
|  55|0x0000000706e00000, 0x0000000707000000, 0x0000000707000000|100%| O|  |TAMS 0x0000000706e00000| PB 0x0000000706e00000| Untracked 
|  56|0x0000000707000000, 0x0000000707200000, 0x0000000707200000|100%| O|  |TAMS 0x0000000707000000| PB 0x0000000707000000| Untracked 
|  57|0x0000000707200000, 0x00000007073ffff0, 0x0000000707400000| 99%| O|  |TAMS 0x0000000707200000| PB 0x0000000707200000| Untracked 
|  58|0x0000000707400000, 0x0000000707600000, 0x0000000707600000|100%| O|  |TAMS 0x0000000707400000| PB 0x0000000707400000| Untracked 
|  59|0x0000000707600000, 0x0000000707800000, 0x0000000707800000|100%| O|  |TAMS 0x0000000707600000| PB 0x0000000707600000| Untracked 
|  60|0x0000000707800000, 0x0000000707a00000, 0x0000000707a00000|100%| O|  |TAMS 0x0000000707800000| PB 0x0000000707800000| Untracked 
|  61|0x0000000707a00000, 0x0000000707c00000, 0x0000000707c00000|100%| O|  |TAMS 0x0000000707a00000| PB 0x0000000707a00000| Untracked 
|  62|0x0000000707c00000, 0x0000000707e00000, 0x0000000707e00000|100%| O|  |TAMS 0x0000000707c00000| PB 0x0000000707c00000| Untracked 
|  63|0x0000000707e00000, 0x0000000707ffff80, 0x0000000708000000| 99%| O|  |TAMS 0x0000000707e00000| PB 0x0000000707e00000| Untracked 
|  64|0x0000000708000000, 0x0000000708200000, 0x0000000708200000|100%| O|  |TAMS 0x0000000708000000| PB 0x0000000708000000| Untracked 
|  65|0x0000000708200000, 0x00000007083fffc8, 0x0000000708400000| 99%| O|  |TAMS 0x0000000708200000| PB 0x0000000708200000| Untracked 
|  66|0x0000000708400000, 0x0000000708600000, 0x0000000708600000|100%| O|  |TAMS 0x0000000708400000| PB 0x0000000708400000| Untracked 
|  67|0x0000000708600000, 0x0000000708800000, 0x0000000708800000|100%| O|  |TAMS 0x0000000708600000| PB 0x0000000708600000| Untracked 
|  68|0x0000000708800000, 0x0000000708a00000, 0x0000000708a00000|100%| O|  |TAMS 0x0000000708800000| PB 0x0000000708800000| Untracked 
|  69|0x0000000708a00000, 0x0000000708bfffe8, 0x0000000708c00000| 99%| O|  |TAMS 0x0000000708a00000| PB 0x0000000708a00000| Untracked 
|  70|0x0000000708c00000, 0x0000000708e00000, 0x0000000708e00000|100%| O|  |TAMS 0x0000000708c00000| PB 0x0000000708c00000| Untracked 
|  71|0x0000000708e00000, 0x0000000708e00000, 0x0000000709000000|  0%| F|  |TAMS 0x0000000708e00000| PB 0x0000000708e00000| Untracked 
|  72|0x0000000709000000, 0x0000000709200000, 0x0000000709200000|100%| O|  |TAMS 0x0000000709000000| PB 0x0000000709000000| Untracked 
|  73|0x0000000709200000, 0x00000007093865c0, 0x0000000709400000| 76%| O|  |TAMS 0x0000000709200000| PB 0x0000000709200000| Untracked 
|  74|0x0000000709400000, 0x0000000709600000, 0x0000000709600000|100%| O|  |TAMS 0x0000000709400000| PB 0x0000000709400000| Untracked 
|  75|0x0000000709600000, 0x0000000709800000, 0x0000000709800000|100%| O|  |TAMS 0x0000000709600000| PB 0x0000000709600000| Untracked 
|  76|0x0000000709800000, 0x0000000709a00000, 0x0000000709a00000|100%| O|  |TAMS 0x0000000709800000| PB 0x0000000709800000| Untracked 
|  77|0x0000000709a00000, 0x0000000709c00000, 0x0000000709c00000|100%| O|  |TAMS 0x0000000709a00000| PB 0x0000000709a00000| Untracked 
|  78|0x0000000709c00000, 0x0000000709e00000, 0x0000000709e00000|100%| O|  |TAMS 0x0000000709c00000| PB 0x0000000709c00000| Untracked 
|  79|0x0000000709e00000, 0x000000070a000000, 0x000000070a000000|100%| O|  |TAMS 0x0000000709e00000| PB 0x0000000709e00000| Untracked 
|  80|0x000000070a000000, 0x000000070a200000, 0x000000070a200000|100%| O|  |TAMS 0x000000070a000000| PB 0x000000070a000000| Untracked 
|  81|0x000000070a200000, 0x000000070a400000, 0x000000070a400000|100%| O|  |TAMS 0x000000070a200000| PB 0x000000070a200000| Untracked 
|  82|0x000000070a400000, 0x000000070a600000, 0x000000070a600000|100%| O|  |TAMS 0x000000070a400000| PB 0x000000070a400000| Untracked 
|  83|0x000000070a600000, 0x000000070a800000, 0x000000070a800000|100%| O|  |TAMS 0x000000070a600000| PB 0x000000070a600000| Untracked 
|  84|0x000000070a800000, 0x000000070aa00000, 0x000000070aa00000|100%| O|  |TAMS 0x000000070a800000| PB 0x000000070a800000| Untracked 
|  85|0x000000070aa00000, 0x000000070ac00000, 0x000000070ac00000|100%| O|  |TAMS 0x000000070aa00000| PB 0x000000070aa00000| Untracked 
|  86|0x000000070ac00000, 0x000000070ae00000, 0x000000070ae00000|100%| O|  |TAMS 0x000000070ac00000| PB 0x000000070ac00000| Untracked 
|  87|0x000000070ae00000, 0x000000070b000000, 0x000000070b000000|100%| O|  |TAMS 0x000000070ae00000| PB 0x000000070ae00000| Untracked 
|  88|0x000000070b000000, 0x000000070b200000, 0x000000070b200000|100%| O|  |TAMS 0x000000070b000000| PB 0x000000070b000000| Untracked 
|  89|0x000000070b200000, 0x000000070b400000, 0x000000070b400000|100%| O|  |TAMS 0x000000070b200000| PB 0x000000070b200000| Untracked 
|  90|0x000000070b400000, 0x000000070b600000, 0x000000070b600000|100%| O|  |TAMS 0x000000070b400000| PB 0x000000070b400000| Untracked 
|  91|0x000000070b600000, 0x000000070b800000, 0x000000070b800000|100%| O|  |TAMS 0x000000070b600000| PB 0x000000070b600000| Untracked 
|  92|0x000000070b800000, 0x000000070b8b8780, 0x000000070ba00000| 36%| O|  |TAMS 0x000000070b800000| PB 0x000000070b800000| Untracked 
|  93|0x000000070ba00000, 0x000000070bc00000, 0x000000070bc00000|100%| O|  |TAMS 0x000000070ba00000| PB 0x000000070ba00000| Untracked 
|  94|0x000000070bc00000, 0x000000070be00000, 0x000000070be00000|100%| O|  |TAMS 0x000000070bc00000| PB 0x000000070bc00000| Untracked 
|  95|0x000000070be00000, 0x000000070c000000, 0x000000070c000000|100%| O|  |TAMS 0x000000070be00000| PB 0x000000070be00000| Untracked 
|  96|0x000000070c000000, 0x000000070c200000, 0x000000070c200000|100%| O|  |TAMS 0x000000070c000000| PB 0x000000070c000000| Untracked 
|  97|0x000000070c200000, 0x000000070c400000, 0x000000070c400000|100%| O|  |TAMS 0x000000070c200000| PB 0x000000070c200000| Untracked 
|  98|0x000000070c400000, 0x000000070c600000, 0x000000070c600000|100%| O|  |TAMS 0x000000070c400000| PB 0x000000070c400000| Untracked 
|  99|0x000000070c600000, 0x000000070c800000, 0x000000070c800000|100%| O|  |TAMS 0x000000070c600000| PB 0x000000070c600000| Untracked 
| 100|0x000000070c800000, 0x000000070ca00000, 0x000000070ca00000|100%| O|  |TAMS 0x000000070c800000| PB 0x000000070c800000| Untracked 
| 101|0x000000070ca00000, 0x000000070cc00000, 0x000000070cc00000|100%| O|  |TAMS 0x000000070ca00000| PB 0x000000070ca00000| Untracked 
| 102|0x000000070cc00000, 0x000000070ce00000, 0x000000070ce00000|100%| O|  |TAMS 0x000000070cc00000| PB 0x000000070cc00000| Untracked 
| 103|0x000000070ce00000, 0x000000070d000000, 0x000000070d000000|100%| O|  |TAMS 0x000000070ce00000| PB 0x000000070ce00000| Untracked 
| 104|0x000000070d000000, 0x000000070d200000, 0x000000070d200000|100%| O|  |TAMS 0x000000070d000000| PB 0x000000070d000000| Untracked 
| 105|0x000000070d200000, 0x000000070d400000, 0x000000070d400000|100%| O|  |TAMS 0x000000070d200000| PB 0x000000070d200000| Untracked 
| 106|0x000000070d400000, 0x000000070d600000, 0x000000070d600000|100%| O|  |TAMS 0x000000070d400000| PB 0x000000070d400000| Untracked 
| 107|0x000000070d600000, 0x000000070d600000, 0x000000070d800000|  0%| F|  |TAMS 0x000000070d600000| PB 0x000000070d600000| Untracked 
| 108|0x000000070d800000, 0x000000070da00000, 0x000000070da00000|100%| O|  |TAMS 0x000000070d800000| PB 0x000000070d800000| Untracked 
| 109|0x000000070da00000, 0x000000070da00000, 0x000000070dc00000|  0%| F|  |TAMS 0x000000070da00000| PB 0x000000070da00000| Untracked 
| 110|0x000000070dc00000, 0x000000070dc00000, 0x000000070de00000|  0%| F|  |TAMS 0x000000070dc00000| PB 0x000000070dc00000| Untracked 
| 111|0x000000070de00000, 0x000000070de00000, 0x000000070e000000|  0%| F|  |TAMS 0x000000070de00000| PB 0x000000070de00000| Untracked 
| 112|0x000000070e000000, 0x000000070e000000, 0x000000070e200000|  0%| F|  |TAMS 0x000000070e000000| PB 0x000000070e000000| Untracked 
| 113|0x000000070e200000, 0x000000070e200000, 0x000000070e400000|  0%| F|  |TAMS 0x000000070e200000| PB 0x000000070e200000| Untracked 
| 114|0x000000070e400000, 0x000000070e400000, 0x000000070e600000|  0%| F|  |TAMS 0x000000070e400000| PB 0x000000070e400000| Untracked 
| 115|0x000000070e600000, 0x000000070e600000, 0x000000070e800000|  0%| F|  |TAMS 0x000000070e600000| PB 0x000000070e600000| Untracked 
| 116|0x000000070e800000, 0x000000070e800000, 0x000000070ea00000|  0%| F|  |TAMS 0x000000070e800000| PB 0x000000070e800000| Untracked 
| 117|0x000000070ea00000, 0x000000070ea00000, 0x000000070ec00000|  0%| F|  |TAMS 0x000000070ea00000| PB 0x000000070ea00000| Untracked 
| 118|0x000000070ec00000, 0x000000070ec00000, 0x000000070ee00000|  0%| F|  |TAMS 0x000000070ec00000| PB 0x000000070ec00000| Untracked 
| 119|0x000000070ee00000, 0x000000070f000000, 0x000000070f000000|100%| S|CS|TAMS 0x000000070ee00000| PB 0x000000070ee00000| Complete 
| 120|0x000000070f000000, 0x000000070f200000, 0x000000070f200000|100%| S|CS|TAMS 0x000000070f000000| PB 0x000000070f000000| Complete 
| 121|0x000000070f200000, 0x000000070f400000, 0x000000070f400000|100%| S|CS|TAMS 0x000000070f200000| PB 0x000000070f200000| Complete 
| 122|0x000000070f400000, 0x000000070f600000, 0x000000070f600000|100%| S|CS|TAMS 0x000000070f400000| PB 0x000000070f400000| Complete 
| 123|0x000000070f600000, 0x000000070f800000, 0x000000070f800000|100%| S|CS|TAMS 0x000000070f600000| PB 0x000000070f600000| Complete 
| 124|0x000000070f800000, 0x000000070fa00000, 0x000000070fa00000|100%| S|CS|TAMS 0x000000070f800000| PB 0x000000070f800000| Complete 
| 125|0x000000070fa00000, 0x000000070fa00000, 0x000000070fc00000|  0%| F|  |TAMS 0x000000070fa00000| PB 0x000000070fa00000| Untracked 
| 126|0x000000070fc00000, 0x000000070fc00000, 0x000000070fe00000|  0%| F|  |TAMS 0x000000070fc00000| PB 0x000000070fc00000| Untracked 
| 127|0x000000070fe00000, 0x000000070fe00000, 0x0000000710000000|  0%| F|  |TAMS 0x000000070fe00000| PB 0x000000070fe00000| Untracked 
| 128|0x0000000710000000, 0x0000000710000000, 0x0000000710200000|  0%| F|  |TAMS 0x0000000710000000| PB 0x0000000710000000| Untracked 
| 129|0x0000000710200000, 0x0000000710200000, 0x0000000710400000|  0%| F|  |TAMS 0x0000000710200000| PB 0x0000000710200000| Untracked 
| 130|0x0000000710400000, 0x0000000710400000, 0x0000000710600000|  0%| F|  |TAMS 0x0000000710400000| PB 0x0000000710400000| Untracked 
| 131|0x0000000710600000, 0x0000000710600000, 0x0000000710800000|  0%| F|  |TAMS 0x0000000710600000| PB 0x0000000710600000| Untracked 
| 132|0x0000000710800000, 0x0000000710800000, 0x0000000710a00000|  0%| F|  |TAMS 0x0000000710800000| PB 0x0000000710800000| Untracked 
| 133|0x0000000710a00000, 0x0000000710a00000, 0x0000000710c00000|  0%| F|  |TAMS 0x0000000710a00000| PB 0x0000000710a00000| Untracked 
| 134|0x0000000710c00000, 0x0000000710c00000, 0x0000000710e00000|  0%| F|  |TAMS 0x0000000710c00000| PB 0x0000000710c00000| Untracked 
| 135|0x0000000710e00000, 0x0000000710e00000, 0x0000000711000000|  0%| F|  |TAMS 0x0000000710e00000| PB 0x0000000710e00000| Untracked 
| 136|0x0000000711000000, 0x0000000711200000, 0x0000000711200000|100%| S|CS|TAMS 0x0000000711000000| PB 0x0000000711000000| Complete 
| 137|0x0000000711200000, 0x0000000711200000, 0x0000000711400000|  0%| F|  |TAMS 0x0000000711200000| PB 0x0000000711200000| Untracked 
| 138|0x0000000711400000, 0x0000000711400000, 0x0000000711600000|  0%| F|  |TAMS 0x0000000711400000| PB 0x0000000711400000| Untracked 
| 139|0x0000000711600000, 0x0000000711600000, 0x0000000711800000|  0%| F|  |TAMS 0x0000000711600000| PB 0x0000000711600000| Untracked 
| 140|0x0000000711800000, 0x0000000711800000, 0x0000000711a00000|  0%| F|  |TAMS 0x0000000711800000| PB 0x0000000711800000| Untracked 
| 141|0x0000000711a00000, 0x0000000711a00000, 0x0000000711c00000|  0%| F|  |TAMS 0x0000000711a00000| PB 0x0000000711a00000| Untracked 
| 142|0x0000000711c00000, 0x0000000711c00000, 0x0000000711e00000|  0%| F|  |TAMS 0x0000000711c00000| PB 0x0000000711c00000| Untracked 
| 143|0x0000000711e00000, 0x0000000711e00000, 0x0000000712000000|  0%| F|  |TAMS 0x0000000711e00000| PB 0x0000000711e00000| Untracked 
| 144|0x0000000712000000, 0x0000000712000000, 0x0000000712200000|  0%| F|  |TAMS 0x0000000712000000| PB 0x0000000712000000| Untracked 
| 145|0x0000000712200000, 0x0000000712200000, 0x0000000712400000|  0%| F|  |TAMS 0x0000000712200000| PB 0x0000000712200000| Untracked 
| 146|0x0000000712400000, 0x0000000712400000, 0x0000000712600000|  0%| F|  |TAMS 0x0000000712400000| PB 0x0000000712400000| Untracked 
| 147|0x0000000712600000, 0x0000000712600000, 0x0000000712800000|  0%| F|  |TAMS 0x0000000712600000| PB 0x0000000712600000| Untracked 
| 148|0x0000000712800000, 0x0000000712800000, 0x0000000712a00000|  0%| F|  |TAMS 0x0000000712800000| PB 0x0000000712800000| Untracked 
| 149|0x0000000712a00000, 0x0000000712a00000, 0x0000000712c00000|  0%| F|  |TAMS 0x0000000712a00000| PB 0x0000000712a00000| Untracked 
| 150|0x0000000712c00000, 0x0000000712c00000, 0x0000000712e00000|  0%| F|  |TAMS 0x0000000712c00000| PB 0x0000000712c00000| Untracked 
| 151|0x0000000712e00000, 0x0000000712e00000, 0x0000000713000000|  0%| F|  |TAMS 0x0000000712e00000| PB 0x0000000712e00000| Untracked 
| 152|0x0000000713000000, 0x0000000713000000, 0x0000000713200000|  0%| F|  |TAMS 0x0000000713000000| PB 0x0000000713000000| Untracked 
| 153|0x0000000713200000, 0x0000000713200000, 0x0000000713400000|  0%| F|  |TAMS 0x0000000713200000| PB 0x0000000713200000| Untracked 
| 154|0x0000000713400000, 0x0000000713400000, 0x0000000713600000|  0%| F|  |TAMS 0x0000000713400000| PB 0x0000000713400000| Untracked 
| 155|0x0000000713600000, 0x0000000713600000, 0x0000000713800000|  0%| F|  |TAMS 0x0000000713600000| PB 0x0000000713600000| Untracked 
| 156|0x0000000713800000, 0x0000000713800000, 0x0000000713a00000|  0%| F|  |TAMS 0x0000000713800000| PB 0x0000000713800000| Untracked 
| 157|0x0000000713a00000, 0x0000000713a00000, 0x0000000713c00000|  0%| F|  |TAMS 0x0000000713a00000| PB 0x0000000713a00000| Untracked 
| 158|0x0000000713c00000, 0x0000000713c00000, 0x0000000713e00000|  0%| F|  |TAMS 0x0000000713c00000| PB 0x0000000713c00000| Untracked 
| 159|0x0000000713e00000, 0x0000000713e00000, 0x0000000714000000|  0%| F|  |TAMS 0x0000000713e00000| PB 0x0000000713e00000| Untracked 
| 160|0x0000000714000000, 0x0000000714000000, 0x0000000714200000|  0%| F|  |TAMS 0x0000000714000000| PB 0x0000000714000000| Untracked 
| 161|0x0000000714200000, 0x0000000714200000, 0x0000000714400000|  0%| F|  |TAMS 0x0000000714200000| PB 0x0000000714200000| Untracked 
| 162|0x0000000714400000, 0x0000000714400000, 0x0000000714600000|  0%| F|  |TAMS 0x0000000714400000| PB 0x0000000714400000| Untracked 
| 163|0x0000000714600000, 0x0000000714600000, 0x0000000714800000|  0%| F|  |TAMS 0x0000000714600000| PB 0x0000000714600000| Untracked 
| 164|0x0000000714800000, 0x0000000714800000, 0x0000000714a00000|  0%| F|  |TAMS 0x0000000714800000| PB 0x0000000714800000| Untracked 
| 165|0x0000000714a00000, 0x0000000714a00000, 0x0000000714c00000|  0%| F|  |TAMS 0x0000000714a00000| PB 0x0000000714a00000| Untracked 
| 166|0x0000000714c00000, 0x0000000714c00000, 0x0000000714e00000|  0%| F|  |TAMS 0x0000000714c00000| PB 0x0000000714c00000| Untracked 
| 167|0x0000000714e00000, 0x0000000714e00000, 0x0000000715000000|  0%| F|  |TAMS 0x0000000714e00000| PB 0x0000000714e00000| Untracked 
| 168|0x0000000715000000, 0x0000000715000000, 0x0000000715200000|  0%| F|  |TAMS 0x0000000715000000| PB 0x0000000715000000| Untracked 
| 169|0x0000000715200000, 0x0000000715200000, 0x0000000715400000|  0%| F|  |TAMS 0x0000000715200000| PB 0x0000000715200000| Untracked 
| 170|0x0000000715400000, 0x0000000715400000, 0x0000000715600000|  0%| F|  |TAMS 0x0000000715400000| PB 0x0000000715400000| Untracked 
| 171|0x0000000715600000, 0x0000000715600000, 0x0000000715800000|  0%| F|  |TAMS 0x0000000715600000| PB 0x0000000715600000| Untracked 
| 172|0x0000000715800000, 0x0000000715800000, 0x0000000715a00000|  0%| F|  |TAMS 0x0000000715800000| PB 0x0000000715800000| Untracked 
| 173|0x0000000715a00000, 0x0000000715a00000, 0x0000000715c00000|  0%| F|  |TAMS 0x0000000715a00000| PB 0x0000000715a00000| Untracked 
| 174|0x0000000715c00000, 0x0000000715c00000, 0x0000000715e00000|  0%| F|  |TAMS 0x0000000715c00000| PB 0x0000000715c00000| Untracked 
| 175|0x0000000715e00000, 0x0000000715e00000, 0x0000000716000000|  0%| F|  |TAMS 0x0000000715e00000| PB 0x0000000715e00000| Untracked 
| 176|0x0000000716000000, 0x0000000716000000, 0x0000000716200000|  0%| F|  |TAMS 0x0000000716000000| PB 0x0000000716000000| Untracked 
| 177|0x0000000716200000, 0x0000000716200000, 0x0000000716400000|  0%| F|  |TAMS 0x0000000716200000| PB 0x0000000716200000| Untracked 
| 178|0x0000000716400000, 0x0000000716400000, 0x0000000716600000|  0%| F|  |TAMS 0x0000000716400000| PB 0x0000000716400000| Untracked 
| 179|0x0000000716600000, 0x0000000716600000, 0x0000000716800000|  0%| F|  |TAMS 0x0000000716600000| PB 0x0000000716600000| Untracked 
| 180|0x0000000716800000, 0x0000000716800000, 0x0000000716a00000|  0%| F|  |TAMS 0x0000000716800000| PB 0x0000000716800000| Untracked 
| 181|0x0000000716a00000, 0x0000000716a00000, 0x0000000716c00000|  0%| F|  |TAMS 0x0000000716a00000| PB 0x0000000716a00000| Untracked 
| 182|0x0000000716c00000, 0x0000000716c00000, 0x0000000716e00000|  0%| F|  |TAMS 0x0000000716c00000| PB 0x0000000716c00000| Untracked 
| 183|0x0000000716e00000, 0x0000000716e00000, 0x0000000717000000|  0%| F|  |TAMS 0x0000000716e00000| PB 0x0000000716e00000| Untracked 
| 184|0x0000000717000000, 0x0000000717000000, 0x0000000717200000|  0%| F|  |TAMS 0x0000000717000000| PB 0x0000000717000000| Untracked 
| 185|0x0000000717200000, 0x0000000717200000, 0x0000000717400000|  0%| F|  |TAMS 0x0000000717200000| PB 0x0000000717200000| Untracked 
| 186|0x0000000717400000, 0x0000000717400000, 0x0000000717600000|  0%| F|  |TAMS 0x0000000717400000| PB 0x0000000717400000| Untracked 
| 187|0x0000000717600000, 0x0000000717600000, 0x0000000717800000|  0%| F|  |TAMS 0x0000000717600000| PB 0x0000000717600000| Untracked 
| 188|0x0000000717800000, 0x0000000717800000, 0x0000000717a00000|  0%| F|  |TAMS 0x0000000717800000| PB 0x0000000717800000| Untracked 
| 189|0x0000000717a00000, 0x0000000717a00000, 0x0000000717c00000|  0%| F|  |TAMS 0x0000000717a00000| PB 0x0000000717a00000| Untracked 
| 190|0x0000000717c00000, 0x0000000717c00000, 0x0000000717e00000|  0%| F|  |TAMS 0x0000000717c00000| PB 0x0000000717c00000| Untracked 
| 191|0x0000000717e00000, 0x0000000717e00000, 0x0000000718000000|  0%| F|  |TAMS 0x0000000717e00000| PB 0x0000000717e00000| Untracked 
| 192|0x0000000718000000, 0x0000000718000000, 0x0000000718200000|  0%| F|  |TAMS 0x0000000718000000| PB 0x0000000718000000| Untracked 
| 193|0x0000000718200000, 0x0000000718200000, 0x0000000718400000|  0%| F|  |TAMS 0x0000000718200000| PB 0x0000000718200000| Untracked 
| 194|0x0000000718400000, 0x0000000718400000, 0x0000000718600000|  0%| F|  |TAMS 0x0000000718400000| PB 0x0000000718400000| Untracked 
| 195|0x0000000718600000, 0x0000000718600000, 0x0000000718800000|  0%| F|  |TAMS 0x0000000718600000| PB 0x0000000718600000| Untracked 
| 196|0x0000000718800000, 0x0000000718800000, 0x0000000718a00000|  0%| F|  |TAMS 0x0000000718800000| PB 0x0000000718800000| Untracked 
| 197|0x0000000718a00000, 0x0000000718a00000, 0x0000000718c00000|  0%| F|  |TAMS 0x0000000718a00000| PB 0x0000000718a00000| Untracked 
| 198|0x0000000718c00000, 0x0000000718c00000, 0x0000000718e00000|  0%| F|  |TAMS 0x0000000718c00000| PB 0x0000000718c00000| Untracked 
| 199|0x0000000718e00000, 0x0000000718e00000, 0x0000000719000000|  0%| F|  |TAMS 0x0000000718e00000| PB 0x0000000718e00000| Untracked 
| 200|0x0000000719000000, 0x0000000719000000, 0x0000000719200000|  0%| F|  |TAMS 0x0000000719000000| PB 0x0000000719000000| Untracked 
| 201|0x0000000719200000, 0x0000000719200000, 0x0000000719400000|  0%| F|  |TAMS 0x0000000719200000| PB 0x0000000719200000| Untracked 
| 202|0x0000000719400000, 0x0000000719400000, 0x0000000719600000|  0%| F|  |TAMS 0x0000000719400000| PB 0x0000000719400000| Untracked 
| 203|0x0000000719600000, 0x0000000719600000, 0x0000000719800000|  0%| F|  |TAMS 0x0000000719600000| PB 0x0000000719600000| Untracked 
| 204|0x0000000719800000, 0x0000000719800000, 0x0000000719a00000|  0%| F|  |TAMS 0x0000000719800000| PB 0x0000000719800000| Untracked 
| 205|0x0000000719a00000, 0x0000000719a00000, 0x0000000719c00000|  0%| F|  |TAMS 0x0000000719a00000| PB 0x0000000719a00000| Untracked 
| 206|0x0000000719c00000, 0x0000000719c00000, 0x0000000719e00000|  0%| F|  |TAMS 0x0000000719c00000| PB 0x0000000719c00000| Untracked 
| 207|0x0000000719e00000, 0x0000000719e00000, 0x000000071a000000|  0%| F|  |TAMS 0x0000000719e00000| PB 0x0000000719e00000| Untracked 
| 208|0x000000071a000000, 0x000000071a000000, 0x000000071a200000|  0%| F|  |TAMS 0x000000071a000000| PB 0x000000071a000000| Untracked 
| 209|0x000000071a200000, 0x000000071a200000, 0x000000071a400000|  0%| F|  |TAMS 0x000000071a200000| PB 0x000000071a200000| Untracked 
| 210|0x000000071a400000, 0x000000071a400000, 0x000000071a600000|  0%| F|  |TAMS 0x000000071a400000| PB 0x000000071a400000| Untracked 
| 211|0x000000071a600000, 0x000000071a600000, 0x000000071a800000|  0%| F|  |TAMS 0x000000071a600000| PB 0x000000071a600000| Untracked 
| 212|0x000000071a800000, 0x000000071a800000, 0x000000071aa00000|  0%| F|  |TAMS 0x000000071a800000| PB 0x000000071a800000| Untracked 
| 213|0x000000071aa00000, 0x000000071aa00000, 0x000000071ac00000|  0%| F|  |TAMS 0x000000071aa00000| PB 0x000000071aa00000| Untracked 
| 214|0x000000071ac00000, 0x000000071ac00000, 0x000000071ae00000|  0%| F|  |TAMS 0x000000071ac00000| PB 0x000000071ac00000| Untracked 
| 215|0x000000071ae00000, 0x000000071ae00000, 0x000000071b000000|  0%| F|  |TAMS 0x000000071ae00000| PB 0x000000071ae00000| Untracked 
| 216|0x000000071b000000, 0x000000071b000000, 0x000000071b200000|  0%| F|  |TAMS 0x000000071b000000| PB 0x000000071b000000| Untracked 
| 217|0x000000071b200000, 0x000000071b200000, 0x000000071b400000|  0%| F|  |TAMS 0x000000071b200000| PB 0x000000071b200000| Untracked 
| 218|0x000000071b400000, 0x000000071b400000, 0x000000071b600000|  0%| F|  |TAMS 0x000000071b400000| PB 0x000000071b400000| Untracked 
| 219|0x000000071b600000, 0x000000071b600000, 0x000000071b800000|  0%| F|  |TAMS 0x000000071b600000| PB 0x000000071b600000| Untracked 
| 220|0x000000071b800000, 0x000000071b800000, 0x000000071ba00000|  0%| F|  |TAMS 0x000000071b800000| PB 0x000000071b800000| Untracked 
| 221|0x000000071ba00000, 0x000000071ba00000, 0x000000071bc00000|  0%| F|  |TAMS 0x000000071ba00000| PB 0x000000071ba00000| Untracked 
| 222|0x000000071bc00000, 0x000000071bc00000, 0x000000071be00000|  0%| F|  |TAMS 0x000000071bc00000| PB 0x000000071bc00000| Untracked 
| 223|0x000000071be00000, 0x000000071be00000, 0x000000071c000000|  0%| F|  |TAMS 0x000000071be00000| PB 0x000000071be00000| Untracked 
| 224|0x000000071c000000, 0x000000071c000000, 0x000000071c200000|  0%| F|  |TAMS 0x000000071c000000| PB 0x000000071c000000| Untracked 
| 225|0x000000071c200000, 0x000000071c200000, 0x000000071c400000|  0%| F|  |TAMS 0x000000071c200000| PB 0x000000071c200000| Untracked 
| 226|0x000000071c400000, 0x000000071c400000, 0x000000071c600000|  0%| F|  |TAMS 0x000000071c400000| PB 0x000000071c400000| Untracked 
| 227|0x000000071c600000, 0x000000071c600000, 0x000000071c800000|  0%| F|  |TAMS 0x000000071c600000| PB 0x000000071c600000| Untracked 
| 228|0x000000071c800000, 0x000000071c800000, 0x000000071ca00000|  0%| F|  |TAMS 0x000000071c800000| PB 0x000000071c800000| Untracked 
| 229|0x000000071ca00000, 0x000000071ca00000, 0x000000071cc00000|  0%| F|  |TAMS 0x000000071ca00000| PB 0x000000071ca00000| Untracked 
| 230|0x000000071cc00000, 0x000000071cc00000, 0x000000071ce00000|  0%| F|  |TAMS 0x000000071cc00000| PB 0x000000071cc00000| Untracked 
| 231|0x000000071ce00000, 0x000000071ce00000, 0x000000071d000000|  0%| F|  |TAMS 0x000000071ce00000| PB 0x000000071ce00000| Untracked 
| 232|0x000000071d000000, 0x000000071d000000, 0x000000071d200000|  0%| F|  |TAMS 0x000000071d000000| PB 0x000000071d000000| Untracked 
| 233|0x000000071d200000, 0x000000071d200000, 0x000000071d400000|  0%| F|  |TAMS 0x000000071d200000| PB 0x000000071d200000| Untracked 
| 234|0x000000071d400000, 0x000000071d400000, 0x000000071d600000|  0%| F|  |TAMS 0x000000071d400000| PB 0x000000071d400000| Untracked 
| 235|0x000000071d600000, 0x000000071d600000, 0x000000071d800000|  0%| F|  |TAMS 0x000000071d600000| PB 0x000000071d600000| Untracked 
| 236|0x000000071d800000, 0x000000071d800000, 0x000000071da00000|  0%| F|  |TAMS 0x000000071d800000| PB 0x000000071d800000| Untracked 
| 237|0x000000071da00000, 0x000000071da00000, 0x000000071dc00000|  0%| F|  |TAMS 0x000000071da00000| PB 0x000000071da00000| Untracked 
| 238|0x000000071dc00000, 0x000000071dc00000, 0x000000071de00000|  0%| F|  |TAMS 0x000000071dc00000| PB 0x000000071dc00000| Untracked 
| 239|0x000000071de00000, 0x000000071de00000, 0x000000071e000000|  0%| F|  |TAMS 0x000000071de00000| PB 0x000000071de00000| Untracked 
| 240|0x000000071e000000, 0x000000071e000000, 0x000000071e200000|  0%| F|  |TAMS 0x000000071e000000| PB 0x000000071e000000| Untracked 
| 241|0x000000071e200000, 0x000000071e200000, 0x000000071e400000|  0%| F|  |TAMS 0x000000071e200000| PB 0x000000071e200000| Untracked 
|2036|0x00000007fe800000, 0x00000007fea00000, 0x00000007fea00000|100%| O|  |TAMS 0x00000007fe800000| PB 0x00000007fe800000| Untracked 
|2037|0x00000007fea00000, 0x00000007fea00000, 0x00000007fec00000|  0%| F|  |TAMS 0x00000007fea00000| PB 0x00000007fea00000| Untracked 
|2038|0x00000007fec00000, 0x00000007fee00000, 0x00000007fee00000|100%| O|  |TAMS 0x00000007fec00000| PB 0x00000007fec00000| Untracked 
|2039|0x00000007fee00000, 0x00000007ff000000, 0x00000007ff000000|100%| O|  |TAMS 0x00000007fee00000| PB 0x00000007fee00000| Untracked 
|2040|0x00000007ff000000, 0x00000007ff200000, 0x00000007ff200000|100%| O|  |TAMS 0x00000007ff000000| PB 0x00000007ff000000| Untracked 
|2041|0x00000007ff200000, 0x00000007ff400000, 0x00000007ff400000|100%| O|  |TAMS 0x00000007ff200000| PB 0x00000007ff200000| Untracked 
|2042|0x00000007ff400000, 0x00000007ff600000, 0x00000007ff600000|100%| O|  |TAMS 0x00000007ff400000| PB 0x00000007ff400000| Untracked 
|2043|0x00000007ff600000, 0x00000007ff800000, 0x00000007ff800000|100%| O|  |TAMS 0x00000007ff600000| PB 0x00000007ff600000| Untracked 
|2044|0x00000007ff800000, 0x00000007ffa00000, 0x00000007ffa00000|100%| O|  |TAMS 0x00000007ff800000| PB 0x00000007ff800000| Untracked 
|2045|0x00000007ffa00000, 0x00000007ffc00000, 0x00000007ffc00000|100%| O|  |TAMS 0x00000007ffa00000| PB 0x00000007ffa00000| Untracked 
|2046|0x00000007ffc00000, 0x00000007ffe00000, 0x00000007ffe00000|100%| O|  |TAMS 0x00000007ffc00000| PB 0x00000007ffc00000| Untracked 
|2047|0x00000007ffe00000, 0x0000000800000000, 0x0000000800000000|100%| O|  |TAMS 0x00000007ffe00000| PB 0x00000007ffe00000| Untracked 

Card table byte_map: [0x000002bcc7430000,0x000002bcc7c30000] _byte_map_base: 0x000002bcc3c30000

Marking Bits: (CMBitMap*) 0x000002bccbc51830
 Bits: [0x000002bcc7c30000, 0x000002bccbc30000)

Polling page: 0x000002bcb19e0000

Metaspace:

Usage:
  Non-class:    139.43 MB used.
      Class:     21.98 MB used.
       Both:    161.41 MB used.

Virtual space:
  Non-class space:      192.00 MB reserved,     144.00 MB ( 75%) committed,  3 nodes.
      Class space:        1.00 GB reserved,      24.38 MB (  2%) committed,  1 nodes.
             Both:        1.19 GB reserved,     168.38 MB ( 14%) committed. 

Chunk freelists:
   Non-Class:  19.54 MB
       Class:  9.16 MB
        Both:  28.71 MB

MaxMetaspaceSize: unlimited
CompressedClassSpaceSize: 1.00 GB
Initial GC threshold: 21.00 MB
Current GC threshold: 280.62 MB
CDS: on
 - commit_granule_bytes: 65536.
 - commit_granule_words: 8192.
 - virtual_space_node_default_size: 8388608.
 - enlarge_chunks_in_place: 1.
 - use_allocation_guard: 0.


Internal statistics:

num_allocs_failed_limit: 6.
num_arena_births: 6212.
num_arena_deaths: 3286.
num_vsnodes_births: 4.
num_vsnodes_deaths: 0.
num_space_committed: 2692.
num_space_uncommitted: 0.
num_chunks_returned_to_freelist: 3956.
num_chunks_taken_from_freelist: 14729.
num_chunk_merges: 1419.
num_chunk_splits: 9455.
num_chunks_enlarged: 5743.
num_inconsistent_stats: 0.

CodeHeap 'non-profiled nmethods': size=120000Kb used=20035Kb max_used=25957Kb free=99964Kb
 bounds [0x000002bcbf3d0000, 0x000002bcc0d30000, 0x000002bcc6900000]
CodeHeap 'profiled nmethods': size=120000Kb used=14068Kb max_used=42239Kb free=105931Kb
 bounds [0x000002bcb7900000, 0x000002bcba250000, 0x000002bcbee30000]
CodeHeap 'non-nmethods': size=5760Kb used=2936Kb max_used=3071Kb free=2824Kb
 bounds [0x000002bcbee30000, 0x000002bcbf150000, 0x000002bcbf3d0000]
CodeCache: size=245760Kb, used=37039Kb, max_used=71267Kb, free=208719Kb
 total_blobs=11901, nmethods=10732, adapters=1069, full_count=0
Compilation: enabled, stopped_count=0, restarted_count=0

Compilation events (20 events):
Event: 11702.726 Thread 0x000002bcce8317c0 nmethod 59311 0x000002bcbf500e90 code [0x000002bcbf501020, 0x000002bcbf5010a8]
Event: 11702.726 Thread 0x000002bcce8317c0 59308       4       com.android.tools.r8.internal.za::x (2 bytes)
Event: 11702.726 Thread 0x000002bcce8317c0 nmethod 59308 0x000002bcbf518190 code [0x000002bcbf518320, 0x000002bcbf5183a8]
Event: 11702.726 Thread 0x000002bcce8317c0 58873       4       com.android.tools.r8.D8Command$Builder::c (2 bytes)
Event: 11702.726 Thread 0x000002bcce8317c0 nmethod 58873 0x000002bcbf520590 code [0x000002bcbf520720, 0x000002bcbf5207a8]
Event: 11702.726 Thread 0x000002bcce8317c0 59290       4       com.android.tools.r8.internal.dw0::k (2 bytes)
Event: 11702.726 Thread 0x000002bcce8317c0 nmethod 59290 0x000002bcbf52ad90 code [0x000002bcbf52af20, 0x000002bcbf52afa8]
Event: 11702.726 Thread 0x000002bcce8317c0 59344       4       com.android.tools.r8.internal.Pa::q (2 bytes)
Event: 11702.727 Thread 0x000002bcce8317c0 nmethod 59344 0x000002bcbf539990 code [0x000002bcbf539b20, 0x000002bcbf539ba8]
Event: 11702.727 Thread 0x000002bcce8317c0 59297 %     4       com.android.tools.r8.internal.Qx0::a @ 460 (566 bytes)
Event: 11702.756 Thread 0x000002bcce8317c0 nmethod 59297% 0x000002bcc0331810 code [0x000002bcc0331a20, 0x000002bcc0332438]
Event: 11702.756 Thread 0x000002bcce8317c0 59373 %     4       com.android.tools.r8.internal.VS::a @ 292 (974 bytes)
Event: 11702.922 Thread 0x000002bcce837300 59375       1       com.android.tools.r8.internal.S3::o (2 bytes)
Event: 11702.923 Thread 0x000002bcce837300 nmethod 59375 0x000002bcbf53a290 code [0x000002bcbf53a420, 0x000002bcbf53a4e8]
Event: 11702.942 Thread 0x000002bcce837300 59376       2       com.android.tools.r8.internal.iv0$$Lambda/0x000002bcd27032b8::accept (12 bytes)
Event: 11702.942 Thread 0x000002bcce837300 nmethod 59376 0x000002bcb79f1b90 code [0x000002bcb79f1d60, 0x000002bcb79f1f78]
Event: 11702.942 Thread 0x000002bcce837300 59377       2       com.android.tools.r8.internal.iv0::a (10 bytes)
Event: 11702.943 Thread 0x000002bcce837300 nmethod 59377 0x000002bcb7994b90 code [0x000002bcb7994d60, 0x000002bcb7994f28]
Event: 11702.974 Thread 0x000002bcce837300 59380       2       com.android.tools.r8.internal.jp::b (27 bytes)
Event: 11702.974 Thread 0x000002bcce837300 nmethod 59380 0x000002bcb79d6a10 code [0x000002bcb79d6be0, 0x000002bcb79d6d70]

GC Heap History (20 events):
Event: 3756.764 GC heap after
{Heap after GC invocations=142 (full 0):
 garbage-first heap   total 1212416K, used 306619K [0x0000000700000000, 0x0000000800000000)
  region size 2048K, 15 young (30720K), 15 survivors (30720K)
 Metaspace       used 169283K, committed 172224K, reserved 1245184K
  class space    used 23488K, committed 24960K, reserved 1048576K
}
Event: 3757.830 GC heap before
{Heap before GC invocations=143 (full 0):
 garbage-first heap   total 1024000K, used 888251K [0x0000000700000000, 0x0000000800000000)
  region size 2048K, 300 young (614400K), 15 survivors (30720K)
 Metaspace       used 169289K, committed 172224K, reserved 1245184K
  class space    used 23488K, committed 24960K, reserved 1048576K
}
Event: 3757.857 GC heap after
{Heap after GC invocations=144 (full 0):
 garbage-first heap   total 1024000K, used 304565K [0x0000000700000000, 0x0000000800000000)
  region size 2048K, 14 young (28672K), 14 survivors (28672K)
 Metaspace       used 169289K, committed 172224K, reserved 1245184K
  class space    used 23488K, committed 24960K, reserved 1048576K
}
Event: 3762.458 GC heap before
{Heap before GC invocations=144 (full 0):
 garbage-first heap   total 1024000K, used 888245K [0x0000000700000000, 0x0000000800000000)
  region size 2048K, 300 young (614400K), 14 survivors (28672K)
 Metaspace       used 169292K, committed 172224K, reserved 1245184K
  class space    used 23488K, committed 24960K, reserved 1048576K
}
Event: 3762.483 GC heap after
{Heap after GC invocations=145 (full 0):
 garbage-first heap   total 1024000K, used 282459K [0x0000000700000000, 0x0000000800000000)
  region size 2048K, 12 young (24576K), 12 survivors (24576K)
 Metaspace       used 169292K, committed 172224K, reserved 1245184K
  class space    used 23488K, committed 24960K, reserved 1048576K
}
Event: 3766.035 GC heap before
{Heap before GC invocations=145 (full 0):
 garbage-first heap   total 1024000K, used 356187K [0x0000000700000000, 0x0000000800000000)
  region size 2048K, 50 young (102400K), 12 survivors (24576K)
 Metaspace       used 169314K, committed 172224K, reserved 1245184K
  class space    used 23488K, committed 24960K, reserved 1048576K
}
Event: 3766.057 GC heap after
{Heap after GC invocations=146 (full 0):
 garbage-first heap   total 1024000K, used 284288K [0x0000000700000000, 0x0000000800000000)
  region size 2048K, 13 young (26624K), 13 survivors (26624K)
 Metaspace       used 169314K, committed 172224K, reserved 1245184K
  class space    used 23488K, committed 24960K, reserved 1048576K
}
Event: 10557.950 GC heap before
{Heap before GC invocations=147 (full 0):
 garbage-first heap   total 1024000K, used 636544K [0x0000000700000000, 0x0000000800000000)
  region size 2048K, 152 young (311296K), 13 survivors (26624K)
 Metaspace       used 169352K, committed 172288K, reserved 1245184K
  class space    used 23488K, committed 24960K, reserved 1048576K
}
Event: 10559.512 GC heap after
{Heap after GC invocations=148 (full 1):
 garbage-first heap   total 485376K, used 138257K [0x0000000700000000, 0x0000000800000000)
  region size 2048K, 0 young (0K), 0 survivors (0K)
 Metaspace       used 169350K, committed 172288K, reserved 1245184K
  class space    used 23487K, committed 24960K, reserved 1048576K
}
Event: 11697.075 GC heap before
{Heap before GC invocations=148 (full 1):
 garbage-first heap   total 485376K, used 330769K [0x0000000700000000, 0x0000000800000000)
  region size 2048K, 96 young (196608K), 0 survivors (0K)
 Metaspace       used 169446K, committed 172352K, reserved 1245184K
  class space    used 23490K, committed 24960K, reserved 1048576K
}
Event: 11697.127 GC heap after
{Heap after GC invocations=149 (full 1):
 garbage-first heap   total 485376K, used 149670K [0x0000000700000000, 0x0000000800000000)
  region size 2048K, 6 young (12288K), 6 survivors (12288K)
 Metaspace       used 169446K, committed 172352K, reserved 1245184K
  class space    used 23490K, committed 24960K, reserved 1048576K
}
Event: 11699.922 GC heap before
{Heap before GC invocations=150 (full 1):
 garbage-first heap   total 485376K, used 430246K [0x0000000700000000, 0x0000000800000000)
  region size 2048K, 142 young (290816K), 6 survivors (12288K)
 Metaspace       used 165270K, committed 172416K, reserved 1245184K
  class space    used 22506K, committed 24960K, reserved 1048576K
}
Event: 11700.068 GC heap after
{Heap after GC invocations=151 (full 1):
 garbage-first heap   total 499712K, used 195882K [0x0000000700000000, 0x0000000800000000)
  region size 2048K, 18 young (36864K), 18 survivors (36864K)
 Metaspace       used 165270K, committed 172416K, reserved 1245184K
  class space    used 22506K, committed 24960K, reserved 1048576K
}
Event: 11701.290 GC heap before
{Heap before GC invocations=151 (full 1):
 garbage-first heap   total 499712K, used 431402K [0x0000000700000000, 0x0000000800000000)
  region size 2048K, 134 young (274432K), 18 survivors (36864K)
 Metaspace       used 165273K, committed 172416K, reserved 1245184K
  class space    used 22506K, committed 24960K, reserved 1048576K
}
Event: 11701.378 GC heap after
{Heap after GC invocations=152 (full 1):
 garbage-first heap   total 520192K, used 226302K [0x0000000700000000, 0x0000000800000000)
  region size 2048K, 17 young (34816K), 17 survivors (34816K)
 Metaspace       used 165273K, committed 172416K, reserved 1245184K
  class space    used 22506K, committed 24960K, reserved 1048576K
}
Event: 11701.840 GC heap before
{Heap before GC invocations=152 (full 1):
 garbage-first heap   total 520192K, used 451582K [0x0000000700000000, 0x0000000800000000)
  region size 2048K, 127 young (260096K), 17 survivors (34816K)
 Metaspace       used 165276K, committed 172416K, reserved 1245184K
  class space    used 22506K, committed 24960K, reserved 1048576K
}
Event: 11701.896 GC heap after
{Heap after GC invocations=153 (full 1):
 garbage-first heap   total 520192K, used 242476K [0x0000000700000000, 0x0000000800000000)
  region size 2048K, 9 young (18432K), 9 survivors (18432K)
 Metaspace       used 165276K, committed 172416K, reserved 1245184K
  class space    used 22506K, committed 24960K, reserved 1048576K
}
Event: 11702.630 GC heap before
{Heap before GC invocations=154 (full 1):
 garbage-first heap   total 520192K, used 457516K [0x0000000700000000, 0x0000000800000000)
  region size 2048K, 115 young (235520K), 9 survivors (18432K)
 Metaspace       used 165276K, committed 172416K, reserved 1245184K
  class space    used 22506K, committed 24960K, reserved 1048576K
}
Event: 11702.660 GC heap after
{Heap after GC invocations=155 (full 1):
 garbage-first heap   total 520192K, used 250083K [0x0000000700000000, 0x0000000800000000)
  region size 2048K, 13 young (26624K), 13 survivors (26624K)
 Metaspace       used 165276K, committed 172416K, reserved 1245184K
  class space    used 22506K, committed 24960K, reserved 1048576K
}
Event: 11703.110 GC heap before
{Heap before GC invocations=155 (full 1):
 garbage-first heap   total 520192K, used 465123K [0x0000000700000000, 0x0000000800000000)
  region size 2048K, 118 young (241664K), 13 survivors (26624K)
 Metaspace       used 165280K, committed 172416K, reserved 1245184K
  class space    used 22506K, committed 24960K, reserved 1048576K
}

Dll operation events (4 events):
Event: 0.221 Loaded shared library C:\Users\mutha_rx3lv8e\.jdks\jbr-21.0.11\bin\java.dll
Event: 0.303 Loaded shared library C:\Users\mutha_rx3lv8e\.jdks\jbr-21.0.11\bin\jsvml.dll
Event: 0.398 Loaded shared library C:\Users\mutha_rx3lv8e\.jdks\jbr-21.0.11\bin\zip.dll
Event: 39.675 Loaded shared library C:\Users\mutha_rx3lv8e\.jdks\jbr-21.0.11\bin\verify.dll

Deoptimization events (20 events):
Event: 11701.278 Thread 0x000002bd1d56b650 Uncommon trap: trap_request=0xffffffde fr.pc=0x000002bcc0503e54 relative=0x00000000000000b4
Event: 11701.278 Thread 0x000002bd1d56b650 Uncommon trap: reason=class_check action=maybe_recompile pc=0x000002bcc0503e54 method=com.android.tools.r8.graph.R2$h.equals(Ljava/lang/Object;)Z @ 8 c2
Event: 11701.278 Thread 0x000002bd1d56b650 DEOPT PACKING pc=0x000002bcc0503e54 sp=0x000000bf1e7fcff0
Event: 11701.278 Thread 0x000002bd1d56b650 DEOPT UNPACKING pc=0x000002bcbee84422 sp=0x000000bf1e7fcf90 mode 2
Event: 11701.399 Thread 0x000002bd1d56b650 Uncommon trap: trap_request=0xffffffde fr.pc=0x000002bcbfe242d8 relative=0x0000000000001818
Event: 11701.430 Thread 0x000002bd1d56b650 Uncommon trap: reason=class_check action=maybe_recompile pc=0x000002bcbfe242d8 method=com.android.tools.r8.dex.y.c(I)V @ 124 c2
Event: 11701.430 Thread 0x000002bd1d56b650 DEOPT PACKING pc=0x000002bcbfe242d8 sp=0x000000bf1e7fca90
Event: 11701.431 Thread 0x000002bd1d56b650 DEOPT UNPACKING pc=0x000002bcbee84422 sp=0x000000bf1e7fc948 mode 2
Event: 11701.573 Thread 0x000002bd1d56b650 Uncommon trap: trap_request=0xffffffde fr.pc=0x000002bcc0503e54 relative=0x00000000000000b4
Event: 11701.573 Thread 0x000002bd1d56b650 Uncommon trap: reason=class_check action=maybe_recompile pc=0x000002bcc0503e54 method=com.android.tools.r8.graph.R2$h.equals(Ljava/lang/Object;)Z @ 8 c2
Event: 11701.573 Thread 0x000002bd1d56b650 DEOPT PACKING pc=0x000002bcc0503e54 sp=0x000000bf1e7fc920
Event: 11701.573 Thread 0x000002bd1d56b650 DEOPT UNPACKING pc=0x000002bcbee84422 sp=0x000000bf1e7fc8c0 mode 2
Event: 11701.697 Thread 0x000002bd1d56b650 Uncommon trap: trap_request=0xffffffc6 fr.pc=0x000002bcbf8e8f8c relative=0x0000000000000fec
Event: 11701.697 Thread 0x000002bd1d56b650 Uncommon trap: reason=bimorphic_or_optimized_type_check action=maybe_recompile pc=0x000002bcbf8e8f8c method=java.util.zip.DeflaterOutputStream.deflate()V @ 32 c2
Event: 11701.697 Thread 0x000002bd1d56b650 DEOPT PACKING pc=0x000002bcbf8e8f8c sp=0x000000bf1e7fd100
Event: 11701.697 Thread 0x000002bd1d56b650 DEOPT UNPACKING pc=0x000002bcbee84422 sp=0x000000bf1e7fd070 mode 2
Event: 11702.732 Thread 0x000002bd1d56afc0 Uncommon trap: trap_request=0xffffffde fr.pc=0x000002bcc038747c relative=0x000000000000775c
Event: 11702.734 Thread 0x000002bd1d56afc0 Uncommon trap: reason=class_check action=maybe_recompile pc=0x000002bcc038747c method=com.android.tools.r8.internal.VS.a(Lcom/android/tools/r8/graph/y;Lcom/android/tools/r8/internal/tB;Ljava/util/IdentityHashMap;Ljava/util/ArrayList;)V @ 805 c2
Event: 11702.734 Thread 0x000002bd1d56afc0 DEOPT PACKING pc=0x000002bcc038747c sp=0x000000bf1e1fcb90
Event: 11702.734 Thread 0x000002bd1d56afc0 DEOPT UNPACKING pc=0x000002bcbee84422 sp=0x000000bf1e1fcb88 mode 2

Classes loaded (20 events):
Event: 1555.442 Loading class java/security/DigestException
Event: 1555.442 Loading class java/security/DigestException done
Event: 1555.467 Loading class java/util/concurrent/ForkJoinTask$AdaptedInterruptibleRunnable
Event: 1555.467 Loading class java/util/concurrent/ForkJoinTask$AdaptedInterruptibleRunnable done
Event: 1555.647 Loading class sun/security/rsa/RSACore$BlindingParameters
Event: 1555.647 Loading class sun/security/rsa/RSACore$BlindingParameters done
Event: 1555.660 Loading class sun/security/rsa/RSACore$BlindingRandomPair
Event: 1555.660 Loading class sun/security/rsa/RSACore$BlindingRandomPair done
Event: 2092.451 Loading class java/rmi/server/Unreferenced
Event: 2092.451 Loading class java/rmi/server/Unreferenced done
Event: 3148.232 Loading class java/lang/Throwable$WrappedPrintWriter
Event: 3148.233 Loading class java/lang/Throwable$PrintStreamOrWriter
Event: 3148.233 Loading class java/lang/Throwable$PrintStreamOrWriter done
Event: 3148.233 Loading class java/lang/Throwable$WrappedPrintWriter done
Event: 3148.576 Loading class java/net/UrlDeserializedState
Event: 3148.577 Loading class java/net/UrlDeserializedState done
Event: 10559.519 Loading class sun/rmi/transport/ObjectTable$1
Event: 10559.533 Loading class sun/rmi/transport/ObjectTable$1 done
Event: 11698.779 Loading class java/util/zip/ZipOutputStream$XEntry
Event: 11698.780 Loading class java/util/zip/ZipOutputStream$XEntry done

Classes unloaded (20 events):
Event: 11697.735 Thread 0x000002bcce7f2020 Unloading class 0x000002bcd10e0400 'java/lang/invoke/LambdaForm$BMH+0x000002bcd10e0400'
Event: 11697.735 Thread 0x000002bcce7f2020 Unloading class 0x000002bcd10d8c00 'java/lang/invoke/LambdaForm$MH+0x000002bcd10d8c00'
Event: 11697.735 Thread 0x000002bcce7f2020 Unloading class 0x000002bcd10d8800 'java/lang/invoke/LambdaForm$MH+0x000002bcd10d8800'
Event: 11697.735 Thread 0x000002bcce7f2020 Unloading class 0x000002bcd10b9000 'java/lang/invoke/LambdaForm$MH+0x000002bcd10b9000'
Event: 11697.735 Thread 0x000002bcce7f2020 Unloading class 0x000002bcd10b8c00 'java/lang/invoke/LambdaForm$MH+0x000002bcd10b8c00'
Event: 11697.735 Thread 0x000002bcce7f2020 Unloading class 0x000002bcd10b8800 'java/lang/invoke/LambdaForm$MH+0x000002bcd10b8800'
Event: 11697.735 Thread 0x000002bcce7f2020 Unloading class 0x000002bcd10a1c00 'java/lang/invoke/LambdaForm$MH+0x000002bcd10a1c00'
Event: 11697.735 Thread 0x000002bcce7f2020 Unloading class 0x000002bcd10a1800 'java/lang/invoke/LambdaForm$MH+0x000002bcd10a1800'
Event: 11697.735 Thread 0x000002bcce7f2020 Unloading class 0x000002bcd10a1000 'java/lang/invoke/LambdaForm$MH+0x000002bcd10a1000'
Event: 11697.735 Thread 0x000002bcce7f2020 Unloading class 0x000002bcd10a0c00 'java/lang/invoke/LambdaForm$MH+0x000002bcd10a0c00'
Event: 11697.735 Thread 0x000002bcce7f2020 Unloading class 0x000002bcd1084400 'java/lang/invoke/LambdaForm$DMH+0x000002bcd1084400'
Event: 11697.735 Thread 0x000002bcce7f2020 Unloading class 0x000002bcd103a000 'java/lang/invoke/LambdaForm$MH+0x000002bcd103a000'
Event: 11697.735 Thread 0x000002bcce7f2020 Unloading class 0x000002bcd1039400 'java/lang/invoke/LambdaForm$MH+0x000002bcd1039400'
Event: 11697.735 Thread 0x000002bcce7f2020 Unloading class 0x000002bcd1038c00 'java/lang/invoke/LambdaForm$MH+0x000002bcd1038c00'
Event: 11697.735 Thread 0x000002bcce7f2020 Unloading class 0x000002bcd1038800 'java/lang/invoke/LambdaForm$MH+0x000002bcd1038800'
Event: 11697.735 Thread 0x000002bcce7f2020 Unloading class 0x000002bcd1038400 'java/lang/invoke/LambdaForm$MH+0x000002bcd1038400'
Event: 11697.735 Thread 0x000002bcce7f2020 Unloading class 0x000002bcd1038000 'java/lang/invoke/LambdaForm$MH+0x000002bcd1038000'
Event: 11697.735 Thread 0x000002bcce7f2020 Unloading class 0x000002bcd1002000 'java/lang/invoke/LambdaForm$MH+0x000002bcd1002000'
Event: 11697.735 Thread 0x000002bcce7f2020 Unloading class 0x000002bcd1001800 'java/lang/invoke/LambdaForm$MH+0x000002bcd1001800'
Event: 11697.735 Thread 0x000002bcce7f2020 Unloading class 0x000002bcd1001000 'java/lang/invoke/LambdaForm$MH+0x000002bcd1001000'

Classes redefined (0 events):
No events

Internal exceptions (20 events):
Event: 11697.477 Thread 0x000002bd1d568ef0 Exception <a 'sun/nio/fs/WindowsException'{0x000000071ca0e2c0}> (0x000000071ca0e2c0) 
thrown [s\src\hotspot\share\prims\jni.cpp, line 537]
Event: 11698.033 Thread 0x000002bd165eef60 Exception <a 'sun/nio/fs/WindowsException'{0x000000071be20ef8}> (0x000000071be20ef8) 
thrown [s\src\hotspot\share\prims\jni.cpp, line 537]
Event: 11698.046 Thread 0x000002bd165eef60 Exception <a 'sun/nio/fs/WindowsException'{0x000000071be2e030}> (0x000000071be2e030) 
thrown [s\src\hotspot\share\prims\jni.cpp, line 537]
Event: 11698.062 Thread 0x000002bd1d56b650 Implicit null exception at 0x000002bcbf76ce50 to 0x000002bcbf76d3d4
Event: 11698.062 Thread 0x000002bd1d568860 Implicit null exception at 0x000002bcbfbc0ca0 to 0x000002bcbfbc0ef8
Event: 11698.762 Thread 0x000002bd1d568ef0 Exception <a 'sun/nio/fs/WindowsException'{0x0000000713e52340}> (0x0000000713e52340) 
thrown [s\src\hotspot\share\prims\jni.cpp, line 537]
Event: 11698.763 Thread 0x000002bd1d568ef0 Exception <a 'sun/nio/fs/WindowsException'{0x0000000713e53508}> (0x0000000713e53508) 
thrown [s\src\hotspot\share\prims\jni.cpp, line 537]
Event: 11698.770 Thread 0x000002bd1d568ef0 Exception <a 'sun/nio/fs/WindowsException'{0x0000000713e60430}> (0x0000000713e60430) 
thrown [s\src\hotspot\share\prims\jni.cpp, line 537]
Event: 11698.771 Thread 0x000002bd1d568ef0 Exception <a 'sun/nio/fs/WindowsException'{0x0000000713e615f8}> (0x0000000713e615f8) 
thrown [s\src\hotspot\share\prims\jni.cpp, line 537]
Event: 11698.773 Thread 0x000002bd1d568ef0 Exception <a 'sun/nio/fs/WindowsException'{0x0000000713e679d0}> (0x0000000713e679d0) 
thrown [s\src\hotspot\share\prims\jni.cpp, line 537]
Event: 11698.774 Thread 0x000002bd1d568ef0 Exception <a 'sun/nio/fs/WindowsException'{0x0000000713e68b98}> (0x0000000713e68b98) 
thrown [s\src\hotspot\share\prims\jni.cpp, line 537]
Event: 11698.817 Thread 0x000002bd1d568ef0 Exception <a 'sun/nio/fs/WindowsException'{0x0000000713e6f0d8}> (0x0000000713e6f0d8) 
thrown [s\src\hotspot\share\prims\jni.cpp, line 537]
Event: 11698.820 Thread 0x000002bd1d568ef0 Exception <a 'sun/nio/fs/WindowsException'{0x0000000713e70240}> (0x0000000713e70240) 
thrown [s\src\hotspot\share\prims\jni.cpp, line 537]
Event: 11698.824 Thread 0x000002bd1d568ef0 Implicit null exception at 0x000002bcc01acdf8 to 0x000002bcc01ad630
Event: 11699.161 Thread 0x000002bd1d5681d0 Exception <a 'sun/nio/fs/WindowsException'{0x0000000710492cd8}> (0x0000000710492cd8) 
thrown [s\src\hotspot\share\prims\jni.cpp, line 537]
Event: 11699.177 Thread 0x000002bd1d5681d0 Exception <a 'sun/nio/fs/WindowsException'{0x0000000710493e40}> (0x0000000710493e40) 
thrown [s\src\hotspot\share\prims\jni.cpp, line 537]
Event: 11699.258 Thread 0x000002bd1d568860 Exception <a 'sun/nio/fs/WindowsException'{0x00000007117146d0}> (0x00000007117146d0) 
thrown [s\src\hotspot\share\prims\jni.cpp, line 537]
Event: 11699.266 Thread 0x000002bd1d568860 Exception <a 'sun/nio/fs/WindowsException'{0x0000000711715838}> (0x0000000711715838) 
thrown [s\src\hotspot\share\prims\jni.cpp, line 537]
Event: 11701.830 Thread 0x000002bd1d56b650 Exception <a 'sun/nio/fs/WindowsException'{0x00000007161f93e0}> (0x00000007161f93e0) 
thrown [s\src\hotspot\share\prims\jni.cpp, line 537]
Event: 11701.832 Thread 0x000002bd1d56b650 Exception <a 'sun/nio/fs/WindowsException'{0x00000007161fa548}> (0x00000007161fa548) 
thrown [s\src\hotspot\share\prims\jni.cpp, line 537]

ZGC Phase Switch (0 events):
No events

VM Operations (20 events):
Event: 11697.127 Executing safepoint VM operation: G1TryInitiateConcMark (G1 Humongous Allocation) done
Event: 11697.599 Executing safepoint VM operation: G1PauseRemark
Event: 11698.017 Executing safepoint VM operation: G1PauseRemark done
Event: 11698.299 Executing safepoint VM operation: G1PauseCleanup
Event: 11698.316 Executing safepoint VM operation: G1PauseCleanup done
Event: 11699.896 Executing safepoint VM operation: G1CollectForAllocation (G1 Evacuation Pause)
Event: 11700.068 Executing safepoint VM operation: G1CollectForAllocation (G1 Evacuation Pause) done
Event: 11701.070 Executing safepoint VM operation: Cleanup
Event: 11701.103 Executing safepoint VM operation: Cleanup done
Event: 11701.287 Executing safepoint VM operation: G1CollectForAllocation (G1 Evacuation Pause)
Event: 11701.378 Executing safepoint VM operation: G1CollectForAllocation (G1 Evacuation Pause) done
Event: 11701.840 Executing safepoint VM operation: G1CollectForAllocation (G1 Evacuation Pause)
Event: 11701.896 Executing safepoint VM operation: G1CollectForAllocation (G1 Evacuation Pause) done
Event: 11702.317 Executing safepoint VM operation: G1PauseRemark
Event: 11702.362 Executing safepoint VM operation: G1PauseRemark done
Event: 11702.622 Executing safepoint VM operation: G1PauseCleanup
Event: 11702.627 Executing safepoint VM operation: G1PauseCleanup done
Event: 11702.630 Executing safepoint VM operation: G1CollectForAllocation (G1 Evacuation Pause)
Event: 11702.660 Executing safepoint VM operation: G1CollectForAllocation (G1 Evacuation Pause) done
Event: 11703.088 Executing safepoint VM operation: G1CollectForAllocation (G1 Evacuation Pause)

Memory protections (0 events):
No events

Nmethod flushes (20 events):
Event: 11702.359 Thread 0x000002bcce7f2020 flushing  nmethod 0x000002bcb8ca8710
Event: 11702.359 Thread 0x000002bcce7f2020 flushing  nmethod 0x000002bcb8e90390
Event: 11702.359 Thread 0x000002bcce7f2020 flushing  nmethod 0x000002bcb8e91c10
Event: 11702.359 Thread 0x000002bcce7f2020 flushing  nmethod 0x000002bcb90c0310
Event: 11702.359 Thread 0x000002bcce7f2020 flushing  nmethod 0x000002bcb90c0690
Event: 11702.359 Thread 0x000002bcce7f2020 flushing  nmethod 0x000002bcb90c1a10
Event: 11702.359 Thread 0x000002bcce7f2020 flushing  nmethod 0x000002bcb90c3010
Event: 11702.359 Thread 0x000002bcce7f2020 flushing  nmethod 0x000002bcb91a7f90
Event: 11702.359 Thread 0x000002bcce7f2020 flushing  nmethod 0x000002bcb91a8610
Event: 11702.359 Thread 0x000002bcce7f2020 flushing  nmethod 0x000002bcb9491e90
Event: 11702.359 Thread 0x000002bcce7f2020 flushing  nmethod 0x000002bcb9587c10
Event: 11702.359 Thread 0x000002bcce7f2020 flushing  nmethod 0x000002bcb9599210
Event: 11702.359 Thread 0x000002bcce7f2020 flushing  nmethod 0x000002bcb9a9fb90
Event: 11702.359 Thread 0x000002bcce7f2020 flushing  nmethod 0x000002bcb9aa1c10
Event: 11702.359 Thread 0x000002bcce7f2020 flushing  nmethod 0x000002bcb9aa3b90
Event: 11702.359 Thread 0x000002bcce7f2020 flushing  nmethod 0x000002bcb9ac4690
Event: 11702.359 Thread 0x000002bcce7f2020 flushing  nmethod 0x000002bcba03aa10
Event: 11702.359 Thread 0x000002bcce7f2020 flushing  nmethod 0x000002bcba1be710
Event: 11702.359 Thread 0x000002bcce7f2020 flushing  nmethod 0x000002bcba1beb10
Event: 11702.359 Thread 0x000002bcce7f2020 flushing  nmethod 0x000002bcba1fe710

Events (20 events):
Event: 11688.591 Thread 0x000002bd1d564030 Thread added: 0x000002bd1d564d50
Event: 11688.595 Thread 0x000002bd1d564030 Thread added: 0x000002bd1d561f60
Event: 11688.595 Thread 0x000002bd1d564030 Thread added: 0x000002bd1d565a70
Event: 11688.595 Thread 0x000002bd1d564030 Thread added: 0x000002bd1d5625f0
Event: 11688.595 Thread 0x000002bd1d564030 Thread added: 0x000002bd1d566100
Event: 11688.596 Thread 0x000002bd1d564030 Thread added: 0x000002bd1d562c80
Event: 11688.596 Thread 0x000002bd1d564030 Thread added: 0x000002bd1d566790
Event: 11688.608 Thread 0x000002bd1d564d50 Thread added: 0x000002bd1d563310
Event: 11688.864 Thread 0x000002bd1b215af0 Thread added: 0x000002bd1d566e20
Event: 11695.735 Thread 0x000002bd23352ba0 Thread exited: 0x000002bd23352ba0
Event: 11697.278 Thread 0x000002bd1d565a70 Thread added: 0x000002bd1d5674b0
Event: 11697.279 Thread 0x000002bd1d565a70 Thread added: 0x000002bd1d56a2a0
Event: 11697.280 Thread 0x000002bd1d565a70 Thread added: 0x000002bd1d56afc0
Event: 11697.281 Thread 0x000002bd1d565a70 Thread added: 0x000002bd1d567b40
Event: 11697.282 Thread 0x000002bd1d565a70 Thread added: 0x000002bd1d568860
Event: 11697.316 Thread 0x000002bd1d565a70 Thread added: 0x000002bd1d56b650
Event: 11697.317 Thread 0x000002bd1d565a70 Thread added: 0x000002bd1d5681d0
Event: 11697.324 Thread 0x000002bd1d565a70 Thread added: 0x000002bd1d568ef0
Event: 11697.500 Thread 0x000002bd1d565a70 Thread added: 0x000002bd1d569580
Event: 11699.673 Thread 0x000002bd1d569580 Thread exited: 0x000002bd1d569580


Dynamic libraries:
0x00007ff7b2d40000 - 0x00007ff7b2d4a000 	C:\Users\mutha_rx3lv8e\.jdks\jbr-21.0.11\bin\java.exe
0x00007ffe6da80000 - 0x00007ffe6dce6000 	C:\WINDOWS\SYSTEM32\ntdll.dll
0x00007ffe6cd90000 - 0x00007ffe6ce59000 	C:\WINDOWS\System32\KERNEL32.DLL
0x00007ffe6af00000 - 0x00007ffe6b300000 	C:\WINDOWS\System32\KERNELBASE.dll
0x00007ffe6b480000 - 0x00007ffe6b5cc000 	C:\WINDOWS\System32\ucrtbase.dll
0x00007ffe50ae0000 - 0x00007ffe50af8000 	C:\Users\mutha_rx3lv8e\.jdks\jbr-21.0.11\bin\jli.dll
0x00007ffe50520000 - 0x00007ffe5053e000 	C:\Users\mutha_rx3lv8e\.jdks\jbr-21.0.11\bin\VCRUNTIME140.dll
0x00007ffe6c060000 - 0x00007ffe6c226000 	C:\WINDOWS\System32\USER32.dll
0x00007ffe6b670000 - 0x00007ffe6b697000 	C:\WINDOWS\System32\win32u.dll
0x00007ffe43c30000 - 0x00007ffe43ec0000 	C:\WINDOWS\WinSxS\amd64_microsoft.windows.common-controls_6595b64144ccf1df_6.0.26100.9022_none_3e08a32ee33418e6\COMCTL32.dll
0x00007ffe6cc40000 - 0x00007ffe6cc6b000 	C:\WINDOWS\System32\GDI32.dll
0x00007ffe6bda0000 - 0x00007ffe6be49000 	C:\WINDOWS\System32\msvcrt.dll
0x00007ffe6b6a0000 - 0x00007ffe6b7c9000 	C:\WINDOWS\System32\gdi32full.dll
0x00007ffe6b3d0000 - 0x00007ffe6b473000 	C:\WINDOWS\System32\msvcp_win.dll
0x00007ffe6d370000 - 0x00007ffe6d3a2000 	C:\WINDOWS\System32\IMM32.DLL
0x00007ffe51fa0000 - 0x00007ffe52092000 	C:\Program Files\Windhawk\Engine\1.7.3\64\windhawk.dll
0x00007ffe6b850000 - 0x00007ffe6b90b000 	C:\WINDOWS\System32\ADVAPI32.dll
0x00007ffe6d800000 - 0x00007ffe6d8a8000 	C:\WINDOWS\System32\sechost.dll
0x00007ffe6cc70000 - 0x00007ffe6cd88000 	C:\WINDOWS\System32\RPCRT4.dll
0x00007ffe51ee0000 - 0x00007ffe51f3e000 	C:\ProgramData\Windhawk\Engine\Mods\64\icon-resource-redirect_1.3_690545.dll
0x00007ffe6cf60000 - 0x00007ffe6d0f9000 	C:\WINDOWS\System32\ole32.dll
0x00007ffe6d410000 - 0x00007ffe6d795000 	C:\WINDOWS\System32\combase.dll
0x00007ffe6bec0000 - 0x00007ffe6bf99000 	C:\WINDOWS\System32\OLEAUT32.dll
0x00007ffe6c250000 - 0x00007ffe6c9d9000 	C:\WINDOWS\System32\SHELL32.dll
0x00007ffe51d30000 - 0x00007ffe51ed9000 	C:\ProgramData\Windhawk\Engine\Mods\64\libc++.whl
0x00007ffe51f40000 - 0x00007ffe51f7a000 	C:\ProgramData\Windhawk\Engine\Mods\64\libunwind.whl
0x00007ffe6ce60000 - 0x00007ffe6cf5b000 	C:\WINDOWS\System32\shcore.dll
0x00007ffe51aa0000 - 0x00007ffe51c4a000 	C:\WINDOWS\SYSTEM32\dui70.dll
0x00007ffe51a70000 - 0x00007ffe51a99000 	C:\ProgramData\Windhawk\Engine\Mods\64\macos-minimize-animation_3.1.3_193825.dll
0x00007ffe66620000 - 0x00007ffe66c5a000 	C:\WINDOWS\SYSTEM32\d2d1.dll
0x00007ffe68020000 - 0x00007ffe6804f000 	C:\WINDOWS\SYSTEM32\dwmapi.dll
0x00007ffe5ad40000 - 0x00007ffe5ad4c000 	C:\Users\mutha_rx3lv8e\.jdks\jbr-21.0.11\bin\vcruntime140_1.dll
0x00007ffe05b80000 - 0x00007ffe05c09000 	C:\Users\mutha_rx3lv8e\.jdks\jbr-21.0.11\bin\msvcp140.dll
0x00007ffdc62f0000 - 0x00007ffdc70be000 	C:\Users\mutha_rx3lv8e\.jdks\jbr-21.0.11\bin\server\jvm.dll
0x00007ffe6cab0000 - 0x00007ffe6cb30000 	C:\WINDOWS\System32\WS2_32.dll
0x00007ffe52440000 - 0x00007ffe52476000 	C:\WINDOWS\SYSTEM32\WINMM.dll
0x00007ffe6ab10000 - 0x00007ffe6ab6e000 	C:\WINDOWS\SYSTEM32\POWRPROF.dll
0x00007ffe5ccc0000 - 0x00007ffe5cccb000 	C:\WINDOWS\SYSTEM32\VERSION.dll
0x00007ffe6aaf0000 - 0x00007ffe6ab05000 	C:\WINDOWS\SYSTEM32\UMPDC.dll
0x00007ffe69940000 - 0x00007ffe6995b000 	C:\WINDOWS\SYSTEM32\kernel.appcore.dll
0x00007ffe5a0a0000 - 0x00007ffe5a0aa000 	C:\Users\mutha_rx3lv8e\.jdks\jbr-21.0.11\bin\jimage.dll
0x00007ffe68290000 - 0x00007ffe684d2000 	C:\WINDOWS\SYSTEM32\DBGHELP.DLL
0x00007ffe53e70000 - 0x00007ffe53eab000 	C:\WINDOWS\SYSTEM32\dbgcore.DLL
0x00007ffe6b310000 - 0x00007ffe6b3bc000 	C:\WINDOWS\System32\bcryptPrimitives.dll
0x00007ffe50f70000 - 0x00007ffe50f80000 	C:\Users\mutha_rx3lv8e\.jdks\jbr-21.0.11\bin\instrument.dll
0x00007ffe4d9f0000 - 0x00007ffe4da11000 	C:\Users\mutha_rx3lv8e\.jdks\jbr-21.0.11\bin\java.dll
0x00007ffe686e0000 - 0x00007ffe68f82000 	C:\WINDOWS\SYSTEM32\windows.storage.dll
0x00007ffe6be50000 - 0x00007ffe6beb6000 	C:\WINDOWS\System32\shlwapi.dll
0x00007ffe6abd0000 - 0x00007ffe6abf8000 	C:\WINDOWS\SYSTEM32\profapi.dll
0x00007ffdf8ab0000 - 0x00007ffdf8b87000 	C:\Users\mutha_rx3lv8e\.jdks\jbr-21.0.11\bin\jsvml.dll
0x00007ffe4ce50000 - 0x00007ffe4ce68000 	C:\Users\mutha_rx3lv8e\.jdks\jbr-21.0.11\bin\zip.dll
0x00007ffe4ca40000 - 0x00007ffe4ca51000 	C:\Users\mutha_rx3lv8e\.jdks\jbr-21.0.11\bin\net.dll
0x00007ffe63cf0000 - 0x00007ffe63e13000 	C:\WINDOWS\SYSTEM32\WINHTTP.dll
0x00007ffe69ee0000 - 0x00007ffe69f4c000 	C:\WINDOWS\system32\mswsock.dll
0x00007ffe460a0000 - 0x00007ffe460b6000 	C:\Users\mutha_rx3lv8e\.jdks\jbr-21.0.11\bin\nio.dll
0x00007ffe50e40000 - 0x00007ffe50e50000 	C:\Users\mutha_rx3lv8e\.jdks\jbr-21.0.11\bin\verify.dll
0x00007ffe50ca0000 - 0x00007ffe50cc7000 	C:\Users\mutha_rx3lv8e\.gradle\native\1def1411415f61bf3af743bc5b6707747c0891f09f0c88961ee8f79bc544acac\windows-amd64\native-platform.dll
0x00007ffdf8cd0000 - 0x00007ffdf8d48000 	C:\Users\mutha_rx3lv8e\.gradle\native\0.2.7\x86_64-windows-gnu\gradle-fileevents.dll
0x00007ffe50c70000 - 0x00007ffe50c7a000 	C:\Users\mutha_rx3lv8e\.jdks\jbr-21.0.11\bin\management.dll
0x00007ffe50ad0000 - 0x00007ffe50adc000 	C:\Users\mutha_rx3lv8e\.jdks\jbr-21.0.11\bin\management_ext.dll
0x00007ffe6d7f0000 - 0x00007ffe6d7f8000 	C:\WINDOWS\System32\PSAPI.DLL
0x00007ffe692f0000 - 0x00007ffe69323000 	C:\WINDOWS\SYSTEM32\IPHLPAPI.DLL
0x00007ffe6caa0000 - 0x00007ffe6caaa000 	C:\WINDOWS\System32\NSI.dll
0x00007ffe50a90000 - 0x00007ffe50a99000 	C:\Users\mutha_rx3lv8e\.jdks\jbr-21.0.11\bin\extnet.dll
0x00007ffe6a300000 - 0x00007ffe6a31b000 	C:\WINDOWS\SYSTEM32\CRYPTSP.dll
0x00007ffe698a0000 - 0x00007ffe698d9000 	C:\WINDOWS\system32\rsaenh.dll
0x00007ffe69f90000 - 0x00007ffe69fc3000 	C:\WINDOWS\SYSTEM32\USERENV.dll
0x00007ffe6aba0000 - 0x00007ffe6abca000 	C:\WINDOWS\SYSTEM32\bcrypt.dll
0x00007ffe6a2d0000 - 0x00007ffe6a2dc000 	C:\WINDOWS\SYSTEM32\CRYPTBASE.dll
0x00007ffe50910000 - 0x00007ffe5091e000 	C:\Users\mutha_rx3lv8e\.jdks\jbr-21.0.11\bin\sunmscapi.dll
0x00007ffe6ad70000 - 0x00007ffe6aeee000 	C:\WINDOWS\System32\CRYPT32.dll
0x00007ffe6a470000 - 0x00007ffe6a4a0000 	C:\WINDOWS\SYSTEM32\ncrypt.dll
0x00007ffe6a420000 - 0x00007ffe6a45f000 	C:\WINDOWS\SYSTEM32\NTASN1.dll
0x00007ffe47f10000 - 0x00007ffe47f18000 	C:\WINDOWS\system32\wshunix.dll
0x00007ffe69330000 - 0x00007ffe69488000 	C:\WINDOWS\SYSTEM32\DNSAPI.dll
0x00007ffe69d00000 - 0x00007ffe69d0d000 	C:\WINDOWS\SYSTEM32\DSPARSE.dll
0x00007ffe63b80000 - 0x00007ffe63b8b000 	C:\Windows\System32\rasadhlp.dll
0x00007ffe600e0000 - 0x00007ffe60166000 	C:\WINDOWS\System32\fwpuclnt.dll
0x00007ffe69a70000 - 0x00007ffe69aa6000 	C:\WINDOWS\SYSTEM32\ntmarta.dll
0x00007ffe51610000 - 0x00007ffe51628000 	C:\WINDOWS\system32\napinsp.dll
0x00007ffe515f0000 - 0x00007ffe51603000 	C:\WINDOWS\System32\winrnr.dll
0x00007ffe515c0000 - 0x00007ffe515e2000 	C:\WINDOWS\system32\nlansp_c.dll
0x00007ffe57360000 - 0x00007ffe57376000 	C:\WINDOWS\system32\wshbth.dll
0x00007ffe67990000 - 0x00007ffe67997000 	C:\Users\mutha_rx3lv8e\.jdks\jbr-21.0.11\bin\rmi.dll

JVMTI agents:
C:\Users\mutha_rx3lv8e\.gradle\wrapper\dists\gradle-8.13-bin\5xuhj0ry160q40clulazy9h7d\gradle-8.13\lib\agents\gradle-instrumentation-agent-8.13.jar path:C:\Users\mutha_rx3lv8e\.jdks\jbr-21.0.11\bin\instrument.dll, loaded, initialized, instrumentlib options:none

dbghelp: loaded successfully - version: 4.0.5 - missing functions: none
symbol engine: initialized successfully - sym options: 0x614 - pdb path: .;C:\Users\mutha_rx3lv8e\.jdks\jbr-21.0.11\bin;C:\WINDOWS\SYSTEM32;C:\WINDOWS\WinSxS\amd64_microsoft.windows.common-controls_6595b64144ccf1df_6.0.26100.9022_none_3e08a32ee33418e6;C:\Program Files\Windhawk\Engine\1.7.3\64;C:\ProgramData\Windhawk\Engine\Mods\64;C:\Users\mutha_rx3lv8e\.jdks\jbr-21.0.11\bin\server;C:\Users\mutha_rx3lv8e\.gradle\native\1def1411415f61bf3af743bc5b6707747c0891f09f0c88961ee8f79bc544acac\windows-amd64;C:\Users\mutha_rx3lv8e\.gradle\native\0.2.7\x86_64-windows-gnu

VM Arguments:
jvm_args: --add-opens=java.base/java.lang=ALL-UNNAMED --add-opens=java.base/java.lang.invoke=ALL-UNNAMED --add-opens=java.base/java.util=ALL-UNNAMED --add-opens=java.prefs/java.util.prefs=ALL-UNNAMED --add-exports=jdk.compiler/com.sun.tools.javac.api=ALL-UNNAMED --add-exports=jdk.compiler/com.sun.tools.javac.util=ALL-UNNAMED --add-opens=java.base/java.util=ALL-UNNAMED --add-opens=java.prefs/java.util.prefs=ALL-UNNAMED --add-opens=java.base/java.nio.charset=ALL-UNNAMED --add-opens=java.base/java.net=ALL-UNNAMED --add-opens=java.base/java.util.concurrent.atomic=ALL-UNNAMED --add-opens=java.xml/javax.xml.namespace=ALL-UNNAMED -Xmx4096M -Dfile.encoding=UTF-8 -Duser.country=US -Duser.language=en -Duser.variant -javaagent:C:\Users\mutha_rx3lv8e\.gradle\wrapper\dists\gradle-8.13-bin\5xuhj0ry160q40clulazy9h7d\gradle-8.13\lib\agents\gradle-instrumentation-agent-8.13.jar 
java_command: org.gradle.launcher.daemon.bootstrap.GradleDaemon 8.13
java_class_path (initial): C:\Users\mutha_rx3lv8e\.gradle\wrapper\dists\gradle-8.13-bin\5xuhj0ry160q40clulazy9h7d\gradle-8.13\lib\gradle-daemon-main-8.13.jar
Launcher Type: SUN_STANDARD

[Global flags]
     intx CICompilerCount                          = 4                                         {product} {ergonomic}
     uint ConcGCThreads                            = 2                                         {product} {ergonomic}
     uint G1ConcRefinementThreads                  = 8                                         {product} {ergonomic}
   size_t G1HeapRegionSize                         = 2097152                                   {product} {ergonomic}
    uintx GCDrainStackTargetSize                   = 64                                        {product} {ergonomic}
   size_t InitialHeapSize                          = 266338304                                 {product} {ergonomic}
   size_t MarkStackSize                            = 4194304                                   {product} {ergonomic}
   size_t MaxHeapSize                              = 4294967296                                {product} {command line}
   size_t MaxNewSize                               = 2575302656                                {product} {ergonomic}
   size_t MinHeapDeltaBytes                        = 2097152                                   {product} {ergonomic}
   size_t MinHeapSize                              = 8388608                                   {product} {ergonomic}
    uintx NonNMethodCodeHeapSize                   = 5839372                                {pd product} {ergonomic}
    uintx NonProfiledCodeHeapSize                  = 122909434                              {pd product} {ergonomic}
    uintx ProfiledCodeHeapSize                     = 122909434                              {pd product} {ergonomic}
    uintx ReservedCodeCacheSize                    = 251658240                              {pd product} {ergonomic}
     bool SegmentedCodeCache                       = true                                      {product} {ergonomic}
   size_t SoftMaxHeapSize                          = 4294967296                             {manageable} {ergonomic}
     bool UseCompressedOops                        = true                           {product lp64_product} {ergonomic}
     bool UseG1GC                                  = true                                      {product} {ergonomic}
     bool UseLargePagesIndividualAllocation        = false                                  {pd product} {ergonomic}

Logging:
Log output configuration:
 #0: stdout all=warning uptime,level,tags foldmultilines=false
 #1: stderr all=off uptime,level,tags foldmultilines=false

Release file:
JAVA_VERSION="21.0.11" 
MODULES="java.base java.compiler java.datatransfer java.xml java.prefs java.desktop java.instrument java.logging java.management java.security.sasl java.naming java.rmi java.management.rmi java.net.http java.scripting java.security.jgss java.transaction.xa java.sql java.sql.rowset java.xml.crypto java.se java.smartcardio jdk.accessibility jdk.internal.jvmstat jdk.attach jdk.charsets jdk.internal.opt jdk.zipfs jdk.compiler jdk.crypto.ec jdk.crypto.cryptoki jdk.crypto.mscapi jdk.dynalink jdk.internal.ed jdk.editpad jdk.hotspot.agent jdk.httpserver jdk.incubator.vector jdk.internal.le jdk.internal.vm.ci jdk.internal.vm.compiler jdk.internal.vm.compiler.management jdk.jartool jdk.javadoc jdk.jcmd jdk.management jdk.management.agent jdk.jconsole jdk.jdeps jdk.jdwp.agent jdk.jdi jdk.jfr jdk.jlink jdk.jpackage jdk.jshell jdk.jsobject jdk.jstatd jdk.localedata jdk.management.jfr jdk.naming.dns jdk.naming.rmi jdk.net jdk.nio.mapmode jdk.random jdk.sctp jdk.security.auth jdk.security.jgss jdk.unsupported jdk.unsupported.desktop jdk.xml.dom" 
IMPLEMENTOR="JetBrains s.r.o." 
IMPLEMENTOR_VERSION="JBRSDK-21.0.11+1-1163.116-nomod" 
JAVA_RUNTIME_VERSION="21.0.11+1-b1163.116" 
LIBC="default" 
OS_ARCH="x86_64" 
OS_NAME="Windows" 
SOURCE=".:git:cf1f197170a0+" 

Environment Variables:
PATH=C:\WINDOWS\system32;C:\WINDOWS;C:\WINDOWS\System32\Wbem;C:\WINDOWS\System32\WindowsPowerShell\v1.0\;C:\WINDOWS\System32\OpenSSH\;C:\Program Files\nodejs\;C:\Program Files\Git\cmd;c:\Users\mutha_rx3lv8e\AppData\Local\Programs\cursor\resources\app\codeBin;C:\Users\mutha_rx3lv8e\AppData\Local\Microsoft\WindowsApps;C:\Users\mutha_rx3lv8e\AppData\Roaming\npm;C:\Users\mutha_rx3lv8e\AppData\Local\Programs\Microsoft VS Code\bin;C:\Users\mutha_rx3lv8e\AppData\Local\Programs\cursor\resources\app\bin;C:\Users\mutha_rx3lv8e\AppData\Local\Python\bin;C:\Users\mutha_rx3lv8e\AppData\Local\Programs\Ollama;
USERNAME=mutha_rx3lv8e
OS=Windows_NT
PROCESSOR_IDENTIFIER=Intel64 Family 6 Model 142 Stepping 12, GenuineIntel
TMP=C:\Users\MUTHA_~1\AppData\Local\Temp
TEMP=C:\Users\MUTHA_~1\AppData\Local\Temp




Periodic native trim disabled

JNI global refs:
JNI global refs: 29, weak refs: 45

JNI global refs memory usage: 835, weak refs: 1465

Process memory usage:
Resident Set Size: 920128K (5% of 16587544K total physical memory with 190948K free physical memory)

OOME stack traces (most recent first):
Classloader memory used:
Loader org.gradle.internal.classloader.VisitableURLClassLoader$InstrumentingVisitableURLClassLoader: 75609K
Loader org.gradle.internal.classloader.VisitableURLClassLoader                         : 53354K
Loader org.gradle.initialization.MixInLegacyTypesClassLoader                           : 17414K
Loader bootstrap                                                                       : 16310K
Loader jdk.internal.reflect.DelegatingClassLoader                                      : 1299K
Loader jdk.internal.loader.ClassLoaders$PlatformClassLoader                            : 885K
Loader jdk.internal.loader.ClassLoaders$AppClassLoader                                 : 241K
Loader org.gradle.internal.classloader.VisitableURLClassLoader                         : 162K
Loader sun.reflect.misc.MethodUtil                                                     : 3080B

Classes loaded by more than one classloader:
Class com.google.common.io.LineReader                                                 : loaded 2 times (x 72B)
Class com.google.common.base.PairwiseEquivalence                                      : loaded 2 times (x 83B)
Class com.google.common.base.Equivalence$Identity                                     : loaded 2 times (x 82B)
Class com.google.common.collect.RegularImmutableMap$KeySet                            : loaded 2 times (x 152B)
Class org.gradle.internal.classloader.FilteringClassLoader                            : loaded 2 times (x 105B)
Class com.google.common.cache.LocalCache$ValueIterator                                : loaded 2 times (x 86B)
Class [Lcom.google.common.collect.MapMakerInternalMap$Segment;                        : loaded 2 times (x 69B)
Class com.google.common.io.FileWriteMode                                              : loaded 2 times (x 79B)
Class [Lcom.google.common.base.AbstractIterator$State;                                : loaded 2 times (x 69B)
Class com.google.common.base.CharMatcher$IsEither                                     : loaded 2 times (x 111B)
Class org.gradle.internal.classloader.ClassLoaderHierarchy                            : loaded 2 times (x 70B)
Class [Lcom.google.common.cache.RemovalCause;                                         : loaded 2 times (x 69B)
Class com.google.common.collect.AbstractMapBasedMultimap$WrappedCollection            : loaded 2 times (x 124B)
Class com.google.common.collect.ImmutableEnumSet                                      : loaded 2 times (x 146B)
Class com.google.common.util.concurrent.ExecutionError                                : loaded 2 times (x 82B)
Class com.google.common.collect.ImmutableList$1                                       : loaded 2 times (x 97B)
Class org.gradle.api.internal.classpath.ManifestUtil                                  : loaded 2 times (x 71B)
Class com.google.common.io.ByteArrayDataOutput                                        : loaded 2 times (x 70B)
Class com.google.common.collect.RegularImmutableMap                                   : loaded 2 times (x 121B)
Class com.google.common.collect.ImmutableMap$MapViewOfValuesAsSingletonSets           : loaded 2 times (x 126B)
Class com.google.common.cache.LocalCache$Values                                       : loaded 2 times (x 118B)
Class com.google.common.reflect.TypeCapture                                           : loaded 2 times (x 71B)
Class [Lorg.objectweb.asm.Symbol;                                                     : loaded 2 times (x 69B)
Class org.objectweb.asm.ClassVisitor                                                  : loaded 2 times (x 88B)
Class com.google.common.collect.UnmodifiableListIterator                              : loaded 2 times (x 95B)
Class com.google.common.collect.MapMakerInternalMap$StrongKeyDummyValueEntry$LinkedStrongKeyDummyValueEntry: loaded 2 times (x 82B)
Class com.google.common.collect.MapMakerInternalMap$Strength                          : loaded 2 times (x 80B)
Class com.google.common.base.Platform$JdkPatternCompiler                              : loaded 2 times (x 75B)
Class org.objectweb.asm.MethodTooLargeException                                       : loaded 2 times (x 83B)
Class [Lcom.google.common.cache.CacheBuilder$OneWeigher;                              : loaded 2 times (x 69B)
Class com.google.common.base.Suppliers                                                : loaded 2 times (x 71B)
Class org.gradle.internal.classloader.DefaultClassLoaderFactory                       : loaded 2 times (x 82B)
Class com.google.common.io.ByteSource$ConcatenatedByteSource                          : loaded 2 times (x 85B)
Class [Lcom.google.common.collect.AbstractIterator$State;                             : loaded 2 times (x 69B)
Class com.google.common.base.CharMatcher$None                                         : loaded 2 times (x 112B)
Class org.gradle.internal.classloader.ClassLoaderVisitor                              : loaded 2 times (x 76B)
Class [Lcom.google.common.collect.ImmutableMapEntry;                                  : loaded 2 times (x 69B)
Class org.gradle.api.internal.classpath.EffectiveClassPath                            : loaded 2 times (x 90B)
Class com.google.common.collect.CollectSpliterators$1WithCharacteristics              : loaded 2 times (x 90B)
Class com.google.common.collect.ImmutableRangeSet                                     : loaded 2 times (x 115B)
Class com.google.common.collect.ListMultimap                                          : loaded 2 times (x 70B)
Class com.google.common.collect.ImmutableEnumMap                                      : loaded 2 times (x 126B)
Class com.google.common.base.Splitter                                                 : loaded 2 times (x 72B)
Class com.google.common.collect.ImmutableSet$SerializedForm                           : loaded 2 times (x 73B)
Class com.google.common.collect.Sets$1                                                : loaded 2 times (x 139B)
Class org.objectweb.asm.AnnotationVisitor                                             : loaded 2 times (x 78B)
Class org.gradle.api.internal.DefaultClassPathProvider                                : loaded 2 times (x 76B)
Class [Lcom.google.common.base.Function;                                              : loaded 2 times (x 69B)
Class com.google.common.collect.MapMakerInternalMap$Strength$1                        : loaded 2 times (x 80B)
Class com.google.common.collect.Maps$ViewCachingAbstractMap                           : loaded 2 times (x 125B)
Class com.google.common.collect.Sets$2                                                : loaded 2 times (x 139B)
Class [Lorg.gradle.api.internal.ClassPathProvider;                                    : loaded 2 times (x 69B)
Class org.gradle.api.internal.ClassPathProvider                                       : loaded 2 times (x 70B)
Class com.google.common.collect.MapMakerInternalMap$Strength$2                        : loaded 2 times (x 80B)
Class com.google.common.reflect.Types$ClassOwnership$1                                : loaded 2 times (x 80B)
Class com.google.common.base.AbstractIterator$State                                   : loaded 2 times (x 79B)
Class [Lorg.objectweb.asm.AnnotationVisitor;                                          : loaded 2 times (x 69B)
Class com.google.common.collect.Sets$3                                                : loaded 2 times (x 139B)
Class com.google.common.util.concurrent.AbstractFuture$SafeAtomicHelper               : loaded 2 times (x 79B)
Class com.google.common.cache.LocalCache$LocalLoadingCache                            : loaded 2 times (x 134B)
Class org.gradle.internal.service.UnknownServiceException                             : loaded 2 times (x 83B)
Class com.google.common.io.ByteArrayDataInput                                         : loaded 2 times (x 70B)
Class com.google.common.collect.MapMakerInternalMap$StrongValueEntry                  : loaded 2 times (x 70B)
Class com.google.common.reflect.Types$ClassOwnership$2                                : loaded 2 times (x 80B)
Class com.google.common.reflect.TypeResolver                                          : loaded 2 times (x 72B)
Class com.google.common.collect.Sets$4                                                : loaded 2 times (x 139B)
Class org.objectweb.asm.ModuleVisitor                                                 : loaded 2 times (x 81B)
Class com.google.common.cache.LocalCache$Strength$1                                   : loaded 2 times (x 81B)
Class com.google.common.collect.Collections2$FilteredCollection                       : loaded 2 times (x 119B)
Class com.google.common.reflect.Types$ClassOwnership$3                                : loaded 2 times (x 71B)
Class com.google.common.util.concurrent.SettableFuture                                : loaded 2 times (x 114B)
Class com.google.common.cache.LocalCache$Strength$2                                   : loaded 2 times (x 81B)
Class com.google.common.collect.TransformedIterator                                   : loaded 2 times (x 80B)
Class [Lcom.google.common.collect.Maps$EntryFunction;                                 : loaded 2 times (x 69B)
Class com.google.common.io.ByteStreams                                                : loaded 2 times (x 71B)
Class com.google.common.collect.Interners$InternerImpl                                : loaded 2 times (x 75B)
Class com.google.common.collect.Interner                                              : loaded 2 times (x 70B)
Class com.google.common.base.Splitter$1                                               : loaded 2 times (x 77B)
Class com.google.common.cache.LocalCache$Strength$3                                   : loaded 2 times (x 81B)
Class com.google.common.collect.MapDifference                                         : loaded 2 times (x 70B)
Class com.google.common.collect.MapMaker$Dummy                                        : loaded 2 times (x 79B)
Class com.google.common.reflect.Invokable                                             : loaded 2 times (x 103B)
Class org.objectweb.asm.FieldWriter                                                   : loaded 2 times (x 78B)
Class com.google.common.cache.CacheBuilder$NullListener                               : loaded 2 times (x 82B)
Class org.gradle.internal.classpath.TransformedClassPath                              : loaded 2 times (x 96B)
Class org.gradle.internal.classloader.InstrumentingClassLoader                        : loaded 2 times (x 70B)
Class com.google.common.collect.Maps$IteratorBasedAbstractMap$1                       : loaded 2 times (x 138B)
Class com.google.common.collect.ImmutableListMultimap                                 : loaded 2 times (x 176B)
Class com.google.common.reflect.Types$ParameterizedTypeImpl                           : loaded 2 times (x 81B)
Class com.google.common.collect.ImmutableRangeSet$AsSet                               : loaded 2 times (x 300B)
Class com.google.common.cache.CacheLoader$FunctionToCacheLoader                       : loaded 2 times (x 75B)
Class com.google.common.collect.Iterators$ArrayItr                                    : loaded 2 times (x 97B)
Class com.google.common.collect.ImmutableCollection$Builder                           : loaded 2 times (x 76B)
Class com.google.common.collect.EmptyImmutableListMultimap                            : loaded 2 times (x 176B)
Class com.google.common.reflect.TypeResolver$TypeVariableKey                          : loaded 2 times (x 72B)
Class com.google.common.collect.BaseImmutableMultimap                                 : loaded 2 times (x 123B)
Class com.google.common.base.Joiner                                                   : loaded 2 times (x 79B)
Class com.google.common.base.MoreObjects                                              : loaded 2 times (x 71B)
Class com.google.common.collect.Platform                                              : loaded 2 times (x 71B)
Class [Lorg.objectweb.asm.Type;                                                       : loaded 2 times (x 69B)
Class com.google.common.collect.UnmodifiableIterator                                  : loaded 2 times (x 80B)
Class org.gradle.internal.service.ServiceLocator                                      : loaded 2 times (x 70B)
Class com.google.common.base.Ascii                                                    : loaded 2 times (x 71B)
Class com.google.common.collect.SingletonImmutableBiMap                               : loaded 2 times (x 143B)
Class com.google.common.cache.LocalCache$1                                            : loaded 2 times (x 89B)
Class com.google.common.collect.AbstractMapEntry                                      : loaded 2 times (x 81B)
Class com.google.common.io.ByteSource$ByteArrayByteSource                             : loaded 2 times (x 85B)
Class com.google.common.collect.MapMakerInternalMap$AbstractStrongKeyEntry            : loaded 2 times (x 80B)
Class com.google.common.reflect.TypeToken$SimpleTypeToken                             : loaded 2 times (x 73B)
Class com.google.common.collect.Sets$ImprovedAbstractSet                              : loaded 2 times (x 135B)
Class com.google.common.collect.ImmutableList$Builder                                 : loaded 2 times (x 77B)
Class com.google.common.collect.AbstractMultimap                                      : loaded 2 times (x 123B)
Class com.google.common.cache.LocalCache$2                                            : loaded 2 times (x 142B)
Class com.google.common.collect.ImmutableRangeSet$1                                   : loaded 2 times (x 210B)
Class com.google.common.util.concurrent.AbstractFuture$UnsafeAtomicHelper$1           : loaded 2 times (x 76B)
Class com.google.common.collect.RegularImmutableAsList                                : loaded 2 times (x 217B)
Class com.google.common.base.Optional                                                 : loaded 2 times (x 80B)
Class com.google.common.collect.Range                                                 : loaded 2 times (x 87B)
Class com.google.common.util.concurrent.AbstractFuture$Trusted                        : loaded 2 times (x 70B)
Class com.google.common.collect.Iterators                                             : loaded 2 times (x 71B)
Class com.google.common.io.ByteSink$AsCharSink                                        : loaded 2 times (x 80B)
Class com.google.common.collect.Lists$StringAsImmutableList                           : loaded 2 times (x 207B)
Class com.google.common.util.concurrent.UncheckedExecutionException                   : loaded 2 times (x 82B)
Class org.gradle.internal.InternalTransformer                                         : loaded 2 times (x 70B)
Class com.google.common.collect.AbstractMapBasedMultimap$KeySet$1                     : loaded 2 times (x 82B)
Class org.objectweb.asm.ClassWriter                                                   : loaded 2 times (x 106B)
Class com.google.common.base.CharMatcher$And                                          : loaded 2 times (x 112B)
Class com.google.common.cache.CacheLoader$UnsupportedLoadingOperationException        : loaded 2 times (x 82B)
Class org.gradle.internal.classloader.ClasspathUtil$1                                 : loaded 2 times (x 76B)
Class com.google.common.collect.FluentIterable$1                                      : loaded 2 times (x 81B)
Class com.google.common.base.Objects                                                  : loaded 2 times (x 71B)
Class org.objectweb.asm.FieldVisitor                                                  : loaded 2 times (x 77B)
Class com.google.common.collect.IndexedImmutableSet                                   : loaded 2 times (x 152B)
Class com.google.common.collect.ImmutableMap$1                                        : loaded 2 times (x 81B)
Class com.google.common.collect.BiMap                                                 : loaded 2 times (x 70B)
Class org.gradle.api.internal.classpath.DefaultModuleRegistry$DefaultModule           : loaded 2 times (x 86B)
Class com.google.common.base.Absent                                                   : loaded 2 times (x 80B)
Class com.google.common.collect.FluentIterable$2                                      : loaded 2 times (x 81B)
Class com.google.common.reflect.Reflection                                            : loaded 2 times (x 71B)
Class com.google.common.primitives.Ints                                               : loaded 2 times (x 71B)
Class com.google.common.collect.AbstractIterator                                      : loaded 2 times (x 82B)
Class com.google.common.collect.FluentIterable$3                                      : loaded 2 times (x 81B)
Class com.google.common.collect.ObjectArrays                                          : loaded 2 times (x 71B)
Class com.google.common.collect.Multiset                                              : loaded 2 times (x 70B)
Class com.google.common.collect.ArrayListMultimapGwtSerializationDependencies         : loaded 2 times (x 172B)
Class com.google.common.collect.AbstractIndexedListIterator                           : loaded 2 times (x 96B)
Class com.google.common.math.MathPreconditions                                        : loaded 2 times (x 71B)
Class com.google.common.collect.ImmutableMapEntrySet                                  : loaded 2 times (x 152B)
Class org.gradle.api.internal.classpath.Module                                        : loaded 2 times (x 70B)
Class com.google.common.cache.Weigher                                                 : loaded 2 times (x 70B)
Class org.gradle.api.internal.classpath.UnknownModuleException                        : loaded 2 times (x 82B)
Class com.google.common.base.Stopwatch                                                : loaded 2 times (x 72B)
Class com.google.common.cache.LocalCache$Strength                                     : loaded 2 times (x 81B)
Class com.google.common.cache.Cache                                                   : loaded 2 times (x 70B)
Class com.google.common.io.Files$2                                                    : loaded 2 times (x 76B)
Class com.google.common.io.AppendableWriter                                           : loaded 2 times (x 100B)
Class com.google.common.base.NullnessCasts                                            : loaded 2 times (x 71B)
Class com.google.common.util.concurrent.AbstractFuture$Cancellation                   : loaded 2 times (x 72B)
Class com.google.common.collect.ImmutableMap$Builder                                  : loaded 2 times (x 82B)
Class com.google.common.collect.Maps$EntryFunction$1                                  : loaded 2 times (x 91B)
Class com.google.common.base.Present                                                  : loaded 2 times (x 81B)
Class com.google.common.cache.RemovalListener                                         : loaded 2 times (x 70B)
Class org.gradle.api.internal.DefaultClassPathRegistry                                : loaded 2 times (x 76B)
Class com.google.common.collect.Maps$EntryFunction$2                                  : loaded 2 times (x 91B)
Class com.google.common.collect.ImmutableMultimap$Keys                                : loaded 2 times (x 166B)
Class com.google.common.reflect.Invokable$ConstructorInvokable                        : loaded 2 times (x 107B)
Class com.google.common.primitives.IntsMethodsForWeb                                  : loaded 2 times (x 71B)
Class com.google.common.collect.Multimap                                              : loaded 2 times (x 70B)
Class org.gradle.api.internal.ClassPathRegistry                                       : loaded 2 times (x 70B)
Class org.gradle.internal.classpath.DefaultClassPath$ImmutableUniqueList              : loaded 2 times (x 199B)
Class com.google.common.collect.NullnessCasts                                         : loaded 2 times (x 71B)
Class com.google.common.collect.MapMakerInternalMap$Segment                           : loaded 2 times (x 142B)
Class com.google.common.reflect.TypeToken                                             : loaded 2 times (x 73B)
Class com.google.common.base.ExtraObjectsMethodsForWeb                                : loaded 2 times (x 71B)
Class com.google.common.cache.RemovalCause                                            : loaded 2 times (x 80B)
Class com.google.common.io.ByteSink                                                   : loaded 2 times (x 76B)
Class com.google.common.cache.CacheBuilder                                            : loaded 2 times (x 72B)
Class com.google.common.collect.SingletonImmutableList                                : loaded 2 times (x 207B)
Class org.gradle.internal.classpath.ClassPath                                         : loaded 2 times (x 70B)
Class org.gradle.api.UncheckedIOException                                             : loaded 2 times (x 82B)
Class com.google.common.collect.Interners$InternerBuilder                             : loaded 2 times (x 76B)
Class com.google.common.io.Files$FileByteSource                                       : loaded 2 times (x 85B)
Class [Lcom.google.common.reflect.Types$JavaVersion;                                  : loaded 2 times (x 69B)
Class com.google.common.base.JdkPattern                                               : loaded 2 times (x 75B)
Class com.google.common.collect.ImmutableList$ReverseImmutableList                    : loaded 2 times (x 209B)
Class com.google.common.io.CharStreams$NullWriter                                     : loaded 2 times (x 99B)
Class com.google.errorprone.annotations.DoNotMock                                     : loaded 2 times (x 70B)
Class org.objectweb.asm.SymbolTable$Entry                                             : loaded 2 times (x 74B)
Class com.google.common.util.concurrent.AbstractFuture$AtomicHelper                   : loaded 2 times (x 78B)
Class org.objectweb.asm.Edge                                                          : loaded 2 times (x 72B)
Class com.google.common.base.Suppliers$SupplierOfInstance                             : loaded 2 times (x 79B)
Class com.google.common.collect.Iterators$1                                           : loaded 2 times (x 81B)
Class com.google.common.reflect.TypeToken$1                                           : loaded 2 times (x 110B)
Class com.google.common.cache.LocalCache$ComputingValueReference                      : loaded 2 times (x 96B)
Class com.google.common.collect.SingletonImmutableSet                                 : loaded 2 times (x 146B)
Class com.google.common.collect.ImmutableMap$IteratorBasedImmutableMap                : loaded 2 times (x 126B)
Class com.google.common.reflect.TypeToken$2                                           : loaded 2 times (x 110B)
Class com.google.common.cache.LocalCache$Segment                                      : loaded 2 times (x 154B)
Class [Lcom.google.common.base.Supplier;                                              : loaded 2 times (x 69B)
Class com.google.common.collect.SortedIterable                                        : loaded 2 times (x 70B)
Class com.google.common.collect.AbstractListMultimap                                  : loaded 2 times (x 172B)
Class [Lorg.objectweb.asm.SymbolTable$Entry;                                          : loaded 2 times (x 69B)
Class com.google.common.cache.CacheLoader                                             : loaded 2 times (x 74B)
Class com.google.common.collect.Iterators$4                                           : loaded 2 times (x 82B)
Class com.google.common.collect.ImmutableBiMap                                        : loaded 2 times (x 143B)
Class org.gradle.internal.installation.GradleInstallation$1                           : loaded 2 times (x 75B)
Class org.gradle.api.internal.classpath.ModuleRegistry                                : loaded 2 times (x 70B)
Class com.google.common.base.Splitter$SplittingIterator                               : loaded 2 times (x 84B)
Class com.google.common.util.concurrent.internal.InternalFutureFailureAccess          : loaded 2 times (x 72B)
Class com.google.common.collect.Iterators$5                                           : loaded 2 times (x 82B)
Class com.google.common.collect.ImmutableSet$JdkBackedSetBuilderImpl                  : loaded 2 times (x 76B)
Class com.google.common.collect.Iterators$6                                           : loaded 2 times (x 81B)
Class com.google.common.collect.ImmutableMultimap$Values                              : loaded 2 times (x 126B)
Class com.google.common.util.concurrent.AbstractFuture$UnsafeAtomicHelper             : loaded 2 times (x 78B)
Class com.google.common.base.CharMatcher$ForPredicate                                 : loaded 2 times (x 112B)
Class com.google.common.cache.LocalCache$LocalManualCache$1                           : loaded 2 times (x 75B)
Class com.google.common.base.CharMatcher$AnyOf                                        : loaded 2 times (x 112B)
Class com.google.common.collect.ImmutableCollection                                   : loaded 2 times (x 125B)
Class org.gradle.api.internal.classpath.DefaultModuleRegistry                         : loaded 2 times (x 86B)
Class com.google.common.collect.Lists                                                 : loaded 2 times (x 71B)
Class com.google.common.util.concurrent.ListenableFuture                              : loaded 2 times (x 70B)
Class com.google.common.cache.ReferenceEntry                                          : loaded 2 times (x 70B)
Class com.google.common.base.Converter                                                : loaded 2 times (x 90B)
Class com.google.common.collect.ImmutableSet$CachingAsList                            : loaded 2 times (x 148B)
Class com.google.common.collect.AbstractMapBasedMultimap                              : loaded 2 times (x 139B)
Class com.google.common.util.concurrent.AbstractFuture                                : loaded 2 times (x 106B)
Class com.google.common.base.FunctionalEquivalence                                    : loaded 2 times (x 83B)
Class com.google.common.collect.Iterators$9                                           : loaded 2 times (x 81B)
Class com.google.common.collect.ImmutableAsList                                       : loaded 2 times (x 209B)
Class com.google.common.io.CharStreams                                                : loaded 2 times (x 71B)
Class com.google.common.collect.ImmutableMultiset                                     : loaded 2 times (x 163B)
Class com.google.common.reflect.TypeResolver$TypeTable                                : loaded 2 times (x 73B)
Class org.objectweb.asm.RecordComponentVisitor                                        : loaded 2 times (x 77B)
Class com.google.common.cache.CacheLoader$SupplierToCacheLoader                       : loaded 2 times (x 75B)
Class com.google.common.reflect.TypeResolver$TypeTable$1                              : loaded 2 times (x 73B)
Class com.google.common.collect.Maps$EntryTransformer                                 : loaded 2 times (x 70B)
Class org.gradle.internal.service.ServiceLookupException                              : loaded 2 times (x 82B)
Class com.google.common.collect.ImmutableSortedSet                                    : loaded 2 times (x 300B)
Class [Lcom.google.common.cache.LocalCache$EntryFactory;                              : loaded 2 times (x 69B)
Class org.gradle.internal.classloader.ClassLoaderFactory                              : loaded 2 times (x 70B)
Class com.google.common.collect.ImmutableMap$SerializedForm                           : loaded 2 times (x 73B)
Class com.google.common.base.CommonPattern                                            : loaded 2 times (x 74B)
Class com.google.common.base.CharMatcher$IsNot                                        : loaded 2 times (x 111B)
Class com.google.common.cache.LocalCache$LocalManualCache                             : loaded 2 times (x 99B)
Class org.gradle.internal.service.CachingServiceLocator                               : loaded 2 times (x 82B)
Class com.google.common.collect.AbstractMapBasedMultimap$KeySet                       : loaded 2 times (x 137B)
Class com.google.common.collect.RegularImmutableSortedSet                             : loaded 2 times (x 300B)
Class com.google.common.math.IntMath                                                  : loaded 2 times (x 71B)
Class com.google.common.collect.MapMakerInternalMap$InternalEntry                     : loaded 2 times (x 70B)
Class com.google.common.reflect.Types$TypeVariableInvocationHandler                   : loaded 2 times (x 75B)
Class com.google.common.collect.ImmutableMapEntry                                     : loaded 2 times (x 85B)
Class com.google.common.base.Predicates                                               : loaded 2 times (x 71B)
Class com.google.common.collect.ImmutableMultimap                                     : loaded 2 times (x 147B)
Class com.google.common.base.Equivalence                                              : loaded 2 times (x 82B)
Class com.google.common.base.Function                                                 : loaded 2 times (x 70B)
Class com.google.common.collect.ImmutableMapEntry$NonTerminalImmutableMapEntry        : loaded 2 times (x 85B)
Class com.google.common.collect.IndexedImmutableSet$1                                 : loaded 2 times (x 213B)
Class com.google.common.cache.CacheBuilder$OneWeigher                                 : loaded 2 times (x 82B)
Class com.google.common.collect.RegularImmutableList                                  : loaded 2 times (x 213B)
Class com.google.common.collect.Maps$EntryFunction                                    : loaded 2 times (x 91B)
Class com.google.common.reflect.Types$ClassOwnership$1LocalClass                      : loaded 2 times (x 71B)
Class org.gradle.internal.classloader.ClasspathUtil                                   : loaded 2 times (x 71B)
Class com.google.common.base.Charsets                                                 : loaded 2 times (x 71B)
Class com.google.common.util.concurrent.Uninterruptibles                              : loaded 2 times (x 71B)
Class com.google.common.io.CharSource                                                 : loaded 2 times (x 85B)
Class com.google.common.collect.Maps                                                  : loaded 2 times (x 71B)
Class org.gradle.api.specs.Spec                                                       : loaded 2 times (x 70B)
Class com.google.common.collect.MapMaker                                              : loaded 2 times (x 72B)
Class com.google.common.reflect.Types$JavaVersion                                     : loaded 2 times (x 83B)
Class [Lcom.google.common.collect.ImmutableEntry;                                     : loaded 2 times (x 69B)
Class com.google.common.collect.Sets$3$1                                              : loaded 2 times (x 82B)
Class com.google.common.cache.LocalCache$LoadingValueReference                        : loaded 2 times (x 96B)
Class com.google.common.collect.MapMakerInternalMap$StrongKeyDummyValueEntry          : loaded 2 times (x 82B)
Class com.google.common.io.LineReader$1                                               : loaded 2 times (x 75B)
Class com.google.common.collect.CollectSpliterators                                   : loaded 2 times (x 71B)
Class com.google.common.reflect.Invokable$MethodInvokable                             : loaded 2 times (x 107B)
Class com.google.common.collect.AbstractMapBasedMultimap$AsMap                        : loaded 2 times (x 128B)
Class com.google.common.base.Platform                                                 : loaded 2 times (x 71B)
Class com.google.common.collect.AbstractMapBasedMultimap$WrappedList                  : loaded 2 times (x 205B)
Class [Lorg.objectweb.asm.AnnotationWriter;                                           : loaded 2 times (x 69B)
Class com.google.common.collect.Maps$8                                                : loaded 2 times (x 82B)
Class com.google.common.base.Predicates$CompositionPredicate                          : loaded 2 times (x 88B)
Class com.google.common.collect.ImmutableRangeSet$Builder                             : loaded 2 times (x 77B)
Class com.google.common.collect.Sets$SetView                                          : loaded 2 times (x 138B)
Class com.google.common.cache.LocalCache$StrongValueReference                         : loaded 2 times (x 90B)
Class com.google.common.util.concurrent.AbstractFuture$SynchronizedHelper             : loaded 2 times (x 78B)
Class com.google.common.graph.SuccessorsFunction                                      : loaded 2 times (x 70B)
Class org.objectweb.asm.Type                                                          : loaded 2 times (x 72B)
Class org.gradle.internal.classloader.VisitableURLClassLoader$InstrumentingVisitableURLClassLoader: loaded 2 times (x 123B)
Class com.google.common.collect.MapMakerInternalMap$StrongKeyDummyValueEntry$Helper   : loaded 2 times (x 79B)
Class com.google.common.io.Files$FileByteSink                                         : loaded 2 times (x 77B)
Class org.objectweb.asm.ByteVector                                                    : loaded 2 times (x 79B)
Class [Lcom.google.common.cache.CacheBuilder$NullListener;                            : loaded 2 times (x 69B)
Class com.google.common.math.IntMath$1                                                : loaded 2 times (x 71B)
Class org.gradle.internal.classloader.VisitableURLClassLoader$Spec                    : loaded 2 times (x 74B)
Class org.gradle.internal.classpath.DefaultClassPath                                  : loaded 2 times (x 90B)
Class com.google.common.reflect.Types$ClassOwnership                                  : loaded 2 times (x 80B)
Class com.google.common.base.AbstractIterator                                         : loaded 2 times (x 80B)
Class org.objectweb.asm.Symbol                                                        : loaded 2 times (x 73B)
Class com.google.common.collect.Sets$FilteredSet                                      : loaded 2 times (x 137B)
Class com.google.common.io.Closer                                                     : loaded 2 times (x 78B)
Class com.google.common.io.Java8Compatibility                                         : loaded 2 times (x 71B)
Class com.google.common.base.CharMatcher$Ascii                                        : loaded 2 times (x 112B)
Class com.google.common.base.CharMatcher$BitSetMatcher                                : loaded 2 times (x 112B)
Class com.google.common.collect.RegularImmutableMap$Values                            : loaded 2 times (x 207B)
Class com.google.common.collect.ImmutableSet                                          : loaded 2 times (x 145B)
Class org.gradle.internal.classloader.ClassLoaderSpec                                 : loaded 2 times (x 71B)
Class com.google.common.io.ByteSource$EmptyByteSource                                 : loaded 2 times (x 85B)
Class org.objectweb.asm.AnnotationWriter                                              : loaded 2 times (x 79B)
Class com.google.common.cache.CacheStats                                              : loaded 2 times (x 71B)
Class com.google.common.collect.Interners                                             : loaded 2 times (x 71B)
Class com.google.common.io.Closer$Suppressor                                          : loaded 2 times (x 70B)
Class com.google.common.io.LineProcessor                                              : loaded 2 times (x 70B)
Class com.google.common.collect.ImmutableMultisetGwtSerializationDependencies         : loaded 2 times (x 125B)
Class org.objectweb.asm.RecordComponentWriter                                         : loaded 2 times (x 78B)
Class com.google.common.util.concurrent.AbstractFuture$Listener                       : loaded 2 times (x 72B)
Class com.google.common.base.CharMatcher$Or                                           : loaded 2 times (x 112B)
Class org.objectweb.asm.Attribute                                                     : loaded 2 times (x 77B)
Class com.google.common.base.Supplier                                                 : loaded 2 times (x 70B)
Class org.gradle.internal.classloader.VisitableURLClassLoader                         : loaded 2 times (x 117B)
Class com.google.common.collect.ImmutableList$SerializedForm                          : loaded 2 times (x 73B)
Class com.google.common.util.concurrent.AbstractFuture$Waiter                         : loaded 2 times (x 72B)
Class org.gradle.internal.Cast                                                        : loaded 2 times (x 71B)
Class org.gradle.api.Action                                                           : loaded 2 times (x 70B)
Class com.google.common.collect.MapMakerInternalMap                                   : loaded 2 times (x 161B)
Class com.google.common.base.Strings                                                  : loaded 2 times (x 71B)
Class com.google.common.collect.Sets                                                  : loaded 2 times (x 71B)
Class org.objectweb.asm.Handler                                                       : loaded 2 times (x 72B)
Class com.google.common.base.CharMatcher$FastMatcher                                  : loaded 2 times (x 111B)
Class com.google.common.base.Ticker                                                   : loaded 2 times (x 72B)
Class com.google.common.cache.RemovalCause$1                                          : loaded 2 times (x 80B)
Class [Lcom.google.common.cache.LocalCache$Segment;                                   : loaded 2 times (x 69B)
Class com.google.common.base.Predicate                                                : loaded 2 times (x 70B)
Class [Lcom.google.common.cache.LocalCache$Strength;                                  : loaded 2 times (x 69B)
Class com.google.common.cache.CacheBuilder$1                                          : loaded 2 times (x 85B)
Class com.google.common.collect.ImmutableMap                                          : loaded 2 times (x 120B)
Class org.gradle.internal.classpath.DefaultClassPath$ImmutableUniqueList$Builder      : loaded 2 times (x 75B)
Class com.google.common.cache.RemovalCause$2                                          : loaded 2 times (x 80B)
Class com.google.common.collect.MapMakerInternalMap$WeakValueReference                : loaded 2 times (x 70B)
Class com.google.common.collect.AbstractRangeSet                                      : loaded 2 times (x 114B)
Class com.google.common.base.CharMatcher$NegatedFastMatcher                           : loaded 2 times (x 113B)
Class com.google.common.cache.LocalCache                                              : loaded 2 times (x 187B)
Class com.google.common.cache.CacheBuilder$2                                          : loaded 2 times (x 79B)
Class com.google.common.cache.RemovalCause$3                                          : loaded 2 times (x 80B)
Class com.google.common.collect.ArrayListMultimap                                     : loaded 2 times (x 172B)
Class com.google.common.cache.CacheBuilder$3                                          : loaded 2 times (x 72B)
Class [Lcom.google.common.collect.AbstractMapEntry;                                   : loaded 2 times (x 69B)
Class com.google.common.collect.ImmutableEntry                                        : loaded 2 times (x 82B)
Class org.gradle.api.GradleException                                                  : loaded 2 times (x 82B)
Class com.google.common.cache.RemovalCause$4                                          : loaded 2 times (x 80B)
Class com.google.common.base.Suppliers$MemoizingSupplier                              : loaded 2 times (x 79B)
Class com.google.common.collect.CollectPreconditions                                  : loaded 2 times (x 71B)
Class com.google.common.collect.Maps$AbstractFilteredMap                              : loaded 2 times (x 127B)
Class com.google.common.cache.RemovalCause$5                                          : loaded 2 times (x 80B)
Class [Lcom.google.common.collect.MapMakerInternalMap$Strength;                       : loaded 2 times (x 69B)
Class [Lcom.google.common.io.FileWriteMode;                                           : loaded 2 times (x 69B)
Class com.google.common.collect.SortedMapDifference                                   : loaded 2 times (x 70B)
Class com.google.common.collect.MapMakerInternalMap$StrongKeyDummyValueSegment        : loaded 2 times (x 142B)
Class com.google.common.collect.Iterables$4                                           : loaded 2 times (x 81B)
Class com.google.common.io.Files                                                      : loaded 2 times (x 71B)
Class com.google.common.cache.LocalCache$WriteThroughEntry                            : loaded 2 times (x 79B)
Class com.google.common.cache.LocalCache$HashIterator                                 : loaded 2 times (x 86B)
Class com.google.common.cache.LocalCache$EntryFactory                                 : loaded 2 times (x 83B)
Class com.google.common.collect.Iterables$5                                           : loaded 2 times (x 81B)
Class [Lcom.google.common.collect.MapMaker$Dummy;                                     : loaded 2 times (x 69B)
Class com.google.common.base.CharMatcher$Whitespace                                   : loaded 2 times (x 112B)
Class com.google.common.reflect.Types$NativeTypeVariableEquals                        : loaded 2 times (x 71B)
Class com.google.common.reflect.TypeParameter                                         : loaded 2 times (x 72B)
Class com.google.common.base.Splitter$1$1                                             : loaded 2 times (x 86B)
Class com.google.common.cache.LocalCache$AbstractReferenceEntry                       : loaded 2 times (x 107B)
Class org.gradle.internal.IoActions                                                   : loaded 2 times (x 71B)
Class com.google.common.collect.ImmutableMapKeySet                                    : loaded 2 times (x 152B)
Class com.google.common.collect.ImmutableRangeSet$ComplementRanges                    : loaded 2 times (x 207B)
Class org.objectweb.asm.SymbolTable                                                   : loaded 2 times (x 72B)
Class com.google.common.cache.CacheLoader$InvalidCacheLoadException                   : loaded 2 times (x 82B)
Class com.google.common.collect.ImmutableSet$RegularSetBuilderImpl                    : loaded 2 times (x 77B)
Class org.gradle.internal.classloader.SystemClassLoaderSpec                           : loaded 2 times (x 71B)
Class com.google.common.collect.FluentIterable                                        : loaded 2 times (x 81B)
Class com.google.common.cache.LocalCache$StrongEntry                                  : loaded 2 times (x 108B)
Class com.google.common.util.concurrent.AbstractFuture$TrustedFuture                  : loaded 2 times (x 114B)
Class com.google.common.cache.LoadingCache                                            : loaded 2 times (x 70B)
Class com.google.common.io.ByteStreams$LimitedInputStream                             : loaded 2 times (x 92B)
Class com.google.common.base.Suppliers$NonSerializableMemoizingSupplier               : loaded 2 times (x 79B)
Class org.objectweb.asm.MethodWriter                                                  : loaded 2 times (x 106B)
Class [Lcom.google.common.cache.Weigher;                                              : loaded 2 times (x 69B)
Class com.google.common.collect.RegularImmutableMap$BucketOverflowException           : loaded 2 times (x 82B)
Class com.google.common.collect.ImmutableMultimap$1                                   : loaded 2 times (x 82B)
Class com.google.common.collect.AbstractMapBasedMultimap$RandomAccessWrappedList      : loaded 2 times (x 205B)
Class com.google.common.collect.AbstractIterator$State                                : loaded 2 times (x 79B)
Class com.google.common.collect.ImmutableMultimap$2                                   : loaded 2 times (x 81B)
Class com.google.common.reflect.Types$JavaVersion$1                                   : loaded 2 times (x 83B)
Class com.google.common.collect.RegularImmutableBiMap                                 : loaded 2 times (x 149B)
Class com.google.common.base.CharMatcher$Negated                                      : loaded 2 times (x 113B)
Class com.google.common.base.CharMatcher$Is                                           : loaded 2 times (x 111B)
Class com.google.common.cache.LocalCache$ValueReference                               : loaded 2 times (x 70B)
Class com.google.common.reflect.Types$JavaVersion$2                                   : loaded 2 times (x 83B)
Class com.google.common.reflect.Types                                                 : loaded 2 times (x 71B)
Class com.google.common.hash.PrimitiveSink                                            : loaded 2 times (x 70B)
Class com.google.common.base.PatternCompiler                                          : loaded 2 times (x 70B)
Class com.google.common.util.concurrent.AbstractFuture$Failure                        : loaded 2 times (x 72B)
Class com.google.common.base.Equivalence$Equals                                       : loaded 2 times (x 82B)
Class com.google.common.collect.Hashing                                               : loaded 2 times (x 71B)
Class com.google.common.base.Preconditions                                            : loaded 2 times (x 71B)
Class com.google.common.io.CharSink                                                   : loaded 2 times (x 79B)
Class com.google.common.reflect.Types$JavaVersion$3                                   : loaded 2 times (x 83B)
Class com.google.common.collect.ImmutableSetMultimap                                  : loaded 2 times (x 180B)
Class com.google.common.base.Joiner$1                                                 : loaded 2 times (x 80B)
Class org.objectweb.asm.Label                                                         : loaded 2 times (x 73B)
Class org.objectweb.asm.CurrentFrame                                                  : loaded 2 times (x 73B)
Class org.objectweb.asm.ClassTooLargeException                                        : loaded 2 times (x 83B)
Class com.google.common.base.CharMatcher                                              : loaded 2 times (x 111B)
Class com.google.common.collect.PeekingIterator                                       : loaded 2 times (x 70B)
Class com.google.common.io.ByteSource$AsCharSource                                    : loaded 2 times (x 86B)
Class com.google.common.collect.Table                                                 : loaded 2 times (x 70B)
Class com.google.common.collect.MapMakerInternalMap$InternalEntryHelper               : loaded 2 times (x 70B)
Class com.google.common.reflect.Types$JavaVersion$4                                   : loaded 2 times (x 83B)
Class com.google.common.collect.Maps$IteratorBasedAbstractMap                         : loaded 2 times (x 125B)
Class com.google.common.collect.RangeGwtSerializationDependencies                     : loaded 2 times (x 71B)
Class com.google.common.base.Joiner$2                                                 : loaded 2 times (x 79B)
Class org.objectweb.asm.Frame                                                         : loaded 2 times (x 73B)
Class org.objectweb.asm.MethodVisitor                                                 : loaded 2 times (x 105B)
Class com.google.common.base.CharMatcher$NamedFastMatcher                             : loaded 2 times (x 112B)
Class com.google.common.base.CharMatcher$1                                            : loaded 2 times (x 113B)
Class com.google.common.cache.LocalCache$EntryFactory$1                               : loaded 2 times (x 83B)
Class [Lcom.google.common.cache.RemovalListener;                                      : loaded 2 times (x 69B)
Class com.google.common.reflect.Types$JavaVersion$5                                   : loaded 2 times (x 71B)
Class [Lcom.google.common.reflect.Types$ClassOwnership;                               : loaded 2 times (x 69B)
Class com.google.common.collect.RangeSet                                              : loaded 2 times (x 70B)
Class com.google.common.cache.LocalCache$EntryFactory$2                               : loaded 2 times (x 83B)
Class org.gradle.api.internal.classpath.GlobalCacheRootsProvider                      : loaded 2 times (x 70B)
Class com.google.common.collect.CollectCollectors                                     : loaded 2 times (x 71B)
Class org.objectweb.asm.ModuleWriter                                                  : loaded 2 times (x 82B)
Class com.google.common.cache.LocalCache$EntryFactory$3                               : loaded 2 times (x 83B)
Class com.google.common.base.Ticker$1                                                 : loaded 2 times (x 72B)
Class com.google.common.collect.Maps$BiMapConverter                                   : loaded 2 times (x 90B)
Class com.google.common.collect.ImmutableMapEntrySet$RegularEntrySet                  : loaded 2 times (x 152B)
Class com.google.common.collect.CollectSpliterators$1                                 : loaded 2 times (x 90B)
Class com.google.common.collect.SetMultimap                                           : loaded 2 times (x 70B)
Class com.google.common.base.CharMatcher$InRange                                      : loaded 2 times (x 111B)
Class com.google.common.cache.LocalCache$EntryFactory$4                               : loaded 2 times (x 83B)
Class com.google.common.collect.ImmutableSet$Builder                                  : loaded 2 times (x 85B)
Class com.google.common.io.ByteStreams$1                                              : loaded 2 times (x 85B)
Class com.google.common.cache.LocalCache$EntryFactory$5                               : loaded 2 times (x 83B)
Class com.google.common.cache.LocalCache$EntryFactory$6                               : loaded 2 times (x 83B)
Class org.gradle.internal.installation.CurrentGradleInstallationLocator               : loaded 2 times (x 71B)
Class com.google.common.io.ByteSource$SlicedByteSource                                : loaded 2 times (x 85B)
Class com.google.common.collect.ImmutableMultimap$Builder                             : loaded 2 times (x 86B)
Class com.google.common.collect.Maps$KeySet                                           : loaded 2 times (x 137B)
Class com.google.common.cache.LocalCache$EntryFactory$7                               : loaded 2 times (x 83B)
Class com.google.common.collect.ImmutableSet$EmptySetBuilderImpl                      : loaded 2 times (x 76B)
Class com.google.common.collect.ImmutableList                                         : loaded 2 times (x 206B)
Class org.gradle.internal.service.DefaultServiceLocator                               : loaded 2 times (x 83B)
Class com.google.common.cache.LocalCache$SoftValueReference                           : loaded 2 times (x 97B)
Class com.google.common.collect.ImmutableMultimap$EntryCollection                     : loaded 2 times (x 128B)
Class com.google.common.collect.Maps$EntrySet                                         : loaded 2 times (x 136B)
Class com.google.common.cache.LocalCache$EntryFactory$8                               : loaded 2 times (x 83B)
Class com.google.common.collect.ImmutableSet$SetBuilderImpl                           : loaded 2 times (x 76B)
Class org.gradle.internal.installation.CurrentGradleInstallation                      : loaded 2 times (x 73B)
Class com.google.common.cache.CacheLoader$1                                           : loaded 2 times (x 75B)
Class com.google.common.collect.ForwardingObject                                      : loaded 2 times (x 72B)
Class com.google.common.collect.ImmutableList$SubList                                 : loaded 2 times (x 209B)
Class org.gradle.util.internal.GUtil                                                  : loaded 2 times (x 71B)
Class com.google.common.io.ByteSource                                                 : loaded 2 times (x 84B)
Class com.google.common.util.concurrent.AbstractFuture$SetFuture                      : loaded 2 times (x 75B)
Class com.google.common.cache.AbstractCache$StatsCounter                              : loaded 2 times (x 70B)
Class com.google.common.collect.MapMakerInternalMap$1                                 : loaded 2 times (x 83B)
Class com.google.common.io.LineBuffer                                                 : loaded 2 times (x 75B)
Class com.google.common.reflect.Types$TypeVariableImpl                                : loaded 2 times (x 72B)
Class com.google.common.collect.Iterators$MergingIterator                             : loaded 2 times (x 81B)
Class com.google.common.collect.RegularImmutableSet                                   : loaded 2 times (x 149B)
Class org.gradle.internal.installation.GradleInstallation                             : loaded 2 times (x 75B)
Class com.google.common.base.Splitter$Strategy                                        : loaded 2 times (x 70B)
Class com.google.common.collect.ElementTypesAreNonnullByDefault                       : loaded 2 times (x 70B)
Class com.google.common.collect.Iterables                                             : loaded 2 times (x 71B)

---------------  S Y S T E M  ---------------

OS:
 Windows 11 , 64 bit Build 26100 (10.0.26100.9022)
OS uptime: 1 days 22:13 hours
Hyper-V role detected

CPU: total 8 (initial active 8) (4 cores per cpu, 2 threads per core) family 6 model 142 stepping 12 microcode 0x100, cx8, cmov, fxsr, ht, mmx, 3dnowpref, sse, sse2, sse3, ssse3, sse4.1, sse4.2, popcnt, lzcnt, tsc, tscinvbit, avx, avx2, aes, erms, clmul, bmi1, bmi2, adx, fma, vzeroupper, clflush, clflushopt, hv, rdtscp, f16c
Processor Information for processor 0
  Max Mhz: 2112, Current Mhz: 1910, Mhz Limit: 1900
Processor Information for processor 1
  Max Mhz: 2112, Current Mhz: 1910, Mhz Limit: 1900
Processor Information for processor 2
  Max Mhz: 2112, Current Mhz: 1910, Mhz Limit: 1900
Processor Information for processor 3
  Max Mhz: 2112, Current Mhz: 1508, Mhz Limit: 1900
Processor Information for processor 4
  Max Mhz: 2112, Current Mhz: 1910, Mhz Limit: 1900
Processor Information for processor 5
  Max Mhz: 2112, Current Mhz: 1910, Mhz Limit: 1900
Processor Information for processor 6
  Max Mhz: 2112, Current Mhz: 1508, Mhz Limit: 1900
Processor Information for processor 7
  Max Mhz: 2112, Current Mhz: 1508, Mhz Limit: 1900

Memory: 4k page, system-wide physical 16198M (265M free)
TotalPageFile size 35251M (AvailPageFile size 831M)
current process WorkingSet (physical memory assigned to process): 899M, peak: 2026M
current process commit charge ("private bytes"): 1068M, peak: 2210M

vm_info: OpenJDK 64-Bit Server VM (21.0.11+1-b1163.116) for windows-amd64 JRE (21.0.11+1-b1163.116), built on 2026-04-30 by "builduser" with MS VC++ 17.14 (VS2022)

END.
