#
# There is insufficient memory for the Java Runtime Environment to continue.
# Native memory allocation (mmap) failed to map 81788928 bytes. Error detail: G1 virtual space
# Possible reasons:
#   The system is out of physical RAM or swap space
#   This process is running with CompressedOops enabled, and the Java Heap may be blocking the growth of the native heap
# Possible solutions:
#   Reduce memory load on the system
#   Increase physical memory or swap space
#   Check if swap backing store is full
#   Decrease Java heap size (-Xmx/-Xms)
#   Decrease number of Java threads
#   Decrease Java thread stack sizes (-Xss)
#   Set larger code cache with -XX:ReservedCodeCacheSize=
#   JVM is running with Zero Based Compressed Oops mode in which the Java heap is
#     placed in the first 32GB address space. The Java Heap base address is the
#     maximum limit for the native heap growth. Please use -XX:HeapBaseMinAddress
#     to set the Java Heap base and to place the Java Heap above 32GB virtual address.
# This output file may be truncated or incomplete.
#
#  Out of Memory Error (os_windows.cpp:3926), pid=30912, tid=33492
#
# JRE version: OpenJDK Runtime Environment JBR-21.0.11+1-1163.116-nomod (21.0.11+1) (build 21.0.11+1-b1163.116)
# Java VM: OpenJDK 64-Bit Server VM JBR-21.0.11+1-1163.116-nomod (21.0.11+1-b1163.116, mixed mode, sharing, tiered, compressed oops, compressed class ptrs, g1 gc, windows-amd64)
# No core dump will be written. Minidumps are not enabled by default on client versions of Windows
#

---------------  S U M M A R Y ------------

Command Line: --add-opens=java.base/java.lang=ALL-UNNAMED --add-opens=java.base/java.lang.invoke=ALL-UNNAMED --add-opens=java.base/java.util=ALL-UNNAMED --add-opens=java.prefs/java.util.prefs=ALL-UNNAMED --add-exports=jdk.compiler/com.sun.tools.javac.api=ALL-UNNAMED --add-exports=jdk.compiler/com.sun.tools.javac.util=ALL-UNNAMED --add-opens=java.base/java.util=ALL-UNNAMED --add-opens=java.prefs/java.util.prefs=ALL-UNNAMED --add-opens=java.base/java.nio.charset=ALL-UNNAMED --add-opens=java.base/java.net=ALL-UNNAMED --add-opens=java.base/java.util.concurrent.atomic=ALL-UNNAMED --add-opens=java.xml/javax.xml.namespace=ALL-UNNAMED -Xmx4096M -Dfile.encoding=UTF-8 -Duser.country=US -Duser.language=en -Duser.variant -javaagent:C:\Users\mutha_rx3lv8e\.gradle\wrapper\dists\gradle-8.14.5-bin\690y85m0j9nfaub7xoiayko8a\gradle-8.14.5\lib\agents\gradle-instrumentation-agent-8.14.5.jar org.gradle.launcher.daemon.bootstrap.GradleDaemon 8.14.5

Host: Intel(R) Core(TM) i7-8665U CPU @ 1.90GHz, 8 cores, 15G,  Windows 11 , 64 bit Build 26100 (10.0.26100.9022)
Time: Tue Aug 18 16:09:58 2026 India Standard Time elapsed time: 77.238451 seconds (0d 0h 1m 17s)

---------------  T H R E A D  ---------------

Current thread (0x0000023ca84f3700):  VMThread "VM Thread"          [id=33492, stack(0x0000005e8bf00000,0x0000005e8c000000) (1024K)]

Stack: [0x0000005e8bf00000,0x0000005e8c000000]
Native frames: (J=compiled Java code, j=interpreted, Vv=VM code, C=native code)
V  [jvm.dll+0x6ed7f9]  os::win32::platform_print_native_stack+0xd9  (os_windows_x86.cpp:236)
V  [jvm.dll+0x8cbfcb]  VMError::report+0xd8b  (vmError.cpp:1022)
V  [jvm.dll+0x8ce76a]  VMError::report_and_die+0x79a  (vmError.cpp:1890)
V  [jvm.dll+0x8cee43]  VMError::report_and_die+0x43  (vmError.cpp:1660)
V  [jvm.dll+0x28e496]  report_vm_out_of_memory+0x56  (debug.cpp:225)
V  [jvm.dll+0x6ea0b5]  os::pd_commit_memory_or_exit+0x75  (os_windows.cpp:3934)
V  [jvm.dll+0x6ddada]  os::commit_memory_or_exit+0x2a  (os.cpp:1994)
V  [jvm.dll+0x369d2e]  G1PageBasedVirtualSpace::commit+0xde  (g1PageBasedVirtualSpace.cpp:196)
V  [jvm.dll+0x371bfb]  G1RegionsLargerThanCommitSizeMapper::commit_regions+0x7b  (g1RegionToSpaceMapper.cpp:100)
V  [jvm.dll+0x3c3829]  HeapRegionManager::expand_any+0xa9  (heapRegionManager.cpp:344)
V  [jvm.dll+0x3c3acb]  HeapRegionManager::expand_by+0xcb  (heapRegionManager.cpp:361)
V  [jvm.dll+0x33d037]  G1CollectedHeap::expand+0xb7  (g1CollectedHeap.cpp:1114)
V  [jvm.dll+0x33d0c7]  G1CollectedHeap::expand_heap_after_young_collection+0x37  (g1CollectedHeap.cpp:2521)
V  [jvm.dll+0x3824d2]  G1YoungCollector::post_evacuate_collection_set+0x3f2  (g1YoungCollector.cpp:1008)
V  [jvm.dll+0x380c7e]  G1YoungCollector::collect+0x43e  (g1YoungCollector.cpp:1078)
V  [jvm.dll+0x33c791]  G1CollectedHeap::do_collection_pause_at_safepoint+0x111  (g1CollectedHeap.cpp:2533)
V  [jvm.dll+0x3802ba]  VM_G1CollectForAllocation::doit+0x6a  (g1VMOperations.cpp:147)
V  [jvm.dll+0x8d4bff]  VM_Operation::evaluate+0x10f  (vmOperations.cpp:77)
V  [jvm.dll+0x8d62c3]  VMThread::inner_execute+0x263  (vmThread.cpp:435)
V  [jvm.dll+0x8d6834]  VMThread::loop+0x264  (vmThread.cpp:502)
V  [jvm.dll+0x8d6933]  VMThread::run+0x63  (vmThread.cpp:180)
V  [jvm.dll+0x875cad]  Thread::call_run+0xcd  (thread.cpp:231)
V  [jvm.dll+0x6ebf5d]  os::win32::thread_native_entry+0x7d  (os_windows.cpp:557)
C  [ucrtbase.dll+0x2cd30]
C  [KERNEL32.DLL+0x2ccb7]
C  [ntdll.dll+0xb91cc]

VM_Operation (0x0000005e935f9840): G1CollectForAllocation, mode: safepoint, requested by thread 0x0000023cf7021a40


---------------  P R O C E S S  ---------------

Threads class SMR info:
_java_thread_list=0x0000023cf979b570, length=132, elements={
0x0000023c8df56010, 0x0000023ca850c660, 0x0000023ca85156a0, 0x0000023ca85162b0,
0x0000023ca8525690, 0x0000023ca8527630, 0x0000023ca852a680, 0x0000023ca852b0e0,
0x0000023ca85407e0, 0x0000023ca8542290, 0x0000023ced32c7a0, 0x0000023cf3a40b80,
0x0000023cf239b380, 0x0000023cf3b7f920, 0x0000023cf37f4e10, 0x0000023cf3831730,
0x0000023cf39b8000, 0x0000023cf39b5f30, 0x0000023cf39b65c0, 0x0000023cf39b8d20,
0x0000023cf39b93b0, 0x0000023cf39b6c50, 0x0000023cf39b72e0, 0x0000023cf39b7970,
0x0000023cf3d0b710, 0x0000023cf3d09cd0, 0x0000023cf3d0a9f0, 0x0000023cf3d0b080,
0x0000023cf48558a0, 0x0000023cf3d0bda0, 0x0000023cf3d09640, 0x0000023cf8c33590,
0x0000023cf8c32f00, 0x0000023cf8c32870, 0x0000023cf8c321e0, 0x0000023cf8c30110,
0x0000023cf8c370a0, 0x0000023cf8c35660, 0x0000023cf8c35cf0, 0x0000023cf8c34940,
0x0000023cf8c34fd0, 0x0000023cf8c36380, 0x0000023cf8c37730, 0x0000023cf3d08920,
0x0000023cf47584b0, 0x0000023cf4758b40, 0x0000023cf47591d0, 0x0000023cf4757e20,
0x0000023cf4759ef0, 0x0000023cf475bfc0, 0x0000023cf475a580, 0x0000023cf475c650,
0x0000023cf475ac10, 0x0000023cf475cce0, 0x0000023cf4759860, 0x0000023cf475b930,
0x0000023cf475e090, 0x0000023cf475f440, 0x0000023cf475d370, 0x0000023cf475da00,
0x0000023cf475e720, 0x0000023cf475edb0, 0x0000023cf8c342b0, 0x0000023cf8c33c20,
0x0000023cf8c30e30, 0x0000023cf8c36a10, 0x0000023ced2dfb10, 0x0000023ced2df480,
0x0000023ced2dda40, 0x0000023ced2de0d0, 0x0000023ced2de760, 0x0000023ced2e01a0,
0x0000023ced2dd3b0, 0x0000023ced2e0830, 0x0000023ced2dedf0, 0x0000023ced2e2270,
0x0000023ced2e2f90, 0x0000023ced2e3620, 0x0000023ced2e2900, 0x0000023ced2e3cb0,
0x0000023ced2e4340, 0x0000023ced2e0ec0, 0x0000023ced2e1550, 0x0000023ced2e49d0,
0x0000023ced2e1be0, 0x0000023cf5dd38b0, 0x0000023cf5dd6010, 0x0000023cf5dd3220,
0x0000023cf5dd3f40, 0x0000023cf5dd5980, 0x0000023cf5dd2b90, 0x0000023cf5dd4c60,
0x0000023cf5dd6d30, 0x0000023cf5dd52f0, 0x0000023cf5dd45d0, 0x0000023cf5dd9490,
0x0000023cf5dd9b20, 0x0000023cf5dd73c0, 0x0000023cf4043ef0, 0x0000023cf5dd8770,
0x0000023cf5dd8e00, 0x0000023cf5dd66a0, 0x0000023cf5dda1b0, 0x0000023cf8c307a0,
0x0000023cf7020000, 0x0000023cf7020690, 0x0000023cf7023480, 0x0000023cf70220d0,
0x0000023cf70213b0, 0x0000023cf7022df0, 0x0000023cf7021a40, 0x0000023cf7020d20,
0x0000023cf7022760, 0x0000023cf98f7fd0, 0x0000023cf98f8cf0, 0x0000023cf98f9a10,
0x0000023cf98fa0a0, 0x0000023cf98fa730, 0x0000023cf6f42900, 0x0000023cf6f43cb0,
0x0000023cf6f42f90, 0x0000023cf6f46aa0, 0x0000023cf6f45d80, 0x0000023cf6f449d0,
0x0000023cf6f456f0, 0x0000023cf6f46410, 0x0000023cf6f47130, 0x0000023cf6f47e50,
0x0000023cf6f477c0, 0x0000023cf4e65b30, 0x0000023cf7f6a4d0, 0x0000023cf7f69120
}

Java Threads: ( => current thread )
  0x0000023c8df56010 JavaThread "main"                              [_thread_blocked, id=21832, stack(0x0000005e8b800000,0x0000005e8b900000) (1024K)]
  0x0000023ca850c660 JavaThread "Common-Cleaner"             daemon [_thread_blocked, id=26608, stack(0x0000005e8c000000,0x0000005e8c100000) (1024K)]
  0x0000023ca85156a0 JavaThread "Reference Handler"          daemon [_thread_blocked, id=13804, stack(0x0000005e8c100000,0x0000005e8c200000) (1024K)]
  0x0000023ca85162b0 JavaThread "Finalizer"                  daemon [_thread_blocked, id=24748, stack(0x0000005e8c200000,0x0000005e8c300000) (1024K)]
  0x0000023ca8525690 JavaThread "Signal Dispatcher"          daemon [_thread_blocked, id=30160, stack(0x0000005e8c300000,0x0000005e8c400000) (1024K)]
  0x0000023ca8527630 JavaThread "Attach Listener"            daemon [_thread_blocked, id=30780, stack(0x0000005e8c400000,0x0000005e8c500000) (1024K)]
  0x0000023ca852a680 JavaThread "Service Thread"             daemon [_thread_blocked, id=18160, stack(0x0000005e8c500000,0x0000005e8c600000) (1024K)]
  0x0000023ca852b0e0 JavaThread "Monitor Deflation Thread"   daemon [_thread_blocked, id=5084, stack(0x0000005e8c600000,0x0000005e8c700000) (1024K)]
  0x0000023ca85407e0 JavaThread "C2 CompilerThread0"         daemon [_thread_blocked, id=26052, stack(0x0000005e8c700000,0x0000005e8c800000) (1024K)]
  0x0000023ca8542290 JavaThread "C1 CompilerThread0"         daemon [_thread_blocked, id=32772, stack(0x0000005e8c800000,0x0000005e8c900000) (1024K)]
  0x0000023ced32c7a0 JavaThread "Notification Thread"        daemon [_thread_blocked, id=21584, stack(0x0000005e8c900000,0x0000005e8ca00000) (1024K)]
  0x0000023cf3a40b80 JavaThread "Daemon health stats"               [_thread_blocked, id=28152, stack(0x0000005e8d000000,0x0000005e8d100000) (1024K)]
  0x0000023cf239b380 JavaThread "Incoming local TCP Connector on port 58793"        [_thread_in_native, id=23880, stack(0x0000005e8d200000,0x0000005e8d300000) (1024K)]
  0x0000023cf3b7f920 JavaThread "Daemon periodic checks"            [_thread_blocked, id=20288, stack(0x0000005e8d300000,0x0000005e8d400000) (1024K)]
  0x0000023cf37f4e10 JavaThread "Daemon"                            [_thread_blocked, id=22196, stack(0x0000005e8d400000,0x0000005e8d500000) (1024K)]
  0x0000023cf3831730 JavaThread "Handler for socket connection from /127.0.0.1:58793 to /127.0.0.1:58794"        [_thread_in_native, id=33824, stack(0x0000005e8d500000,0x0000005e8d600000) (1024K)]
  0x0000023cf39b8000 JavaThread "Cancel handler"                    [_thread_blocked, id=14820, stack(0x0000005e8d600000,0x0000005e8d700000) (1024K)]
  0x0000023cf39b5f30 JavaThread "Daemon worker"                     [_thread_blocked, id=28420, stack(0x0000005e8d700000,0x0000005e8d800000) (1024K)]
  0x0000023cf39b65c0 JavaThread "Asynchronous log dispatcher for DefaultDaemonConnection: socket connection from /127.0.0.1:58793 to /127.0.0.1:58794"        [_thread_blocked, id=22384, stack(0x0000005e8d100000,0x0000005e8d200000) (1024K)]
  0x0000023cf39b8d20 JavaThread "Stdin handler"                     [_thread_blocked, id=9504, stack(0x0000005e8d800000,0x0000005e8d900000) (1024K)]
  0x0000023cf39b93b0 JavaThread "Daemon client event forwarder"        [_thread_blocked, id=9264, stack(0x0000005e8d900000,0x0000005e8da00000) (1024K)]
  0x0000023cf39b6c50 JavaThread "Cache worker for journal cache (C:\Users\mutha_rx3lv8e\.gradle\caches\journal-1)"        [_thread_blocked, id=34296, stack(0x0000005e8dc00000,0x0000005e8dd00000) (1024K)]
  0x0000023cf39b72e0 JavaThread "File lock request listener"        [_thread_in_native, id=18848, stack(0x0000005e8dd00000,0x0000005e8de00000) (1024K)]
  0x0000023cf39b7970 JavaThread "Cache worker for file hash cache (C:\Users\mutha_rx3lv8e\.gradle\caches\8.14.5\fileHashes)"        [_thread_blocked, id=28788, stack(0x0000005e8de00000,0x0000005e8df00000) (1024K)]
  0x0000023cf3d0b710 JavaThread "Cache worker for file hash cache (D:\schoofi\TNT-Kotlin\.gradle\8.14.5\fileHashes)"        [_thread_blocked, id=24028, stack(0x0000005e8df00000,0x0000005e8e000000) (1024K)]
  0x0000023cf3d09cd0 JavaThread "Cache worker for checksums cache (D:\schoofi\TNT-Kotlin\.gradle\8.14.5\checksums)"        [_thread_blocked, id=28544, stack(0x0000005e8e000000,0x0000005e8e100000) (1024K)]
  0x0000023cf3d0a9f0 JavaThread "Cache worker for Build Output Cleanup Cache (D:\schoofi\TNT-Kotlin\.gradle\buildOutputCleanup)"        [_thread_blocked, id=6720, stack(0x0000005e8e300000,0x0000005e8e400000) (1024K)]
  0x0000023cf3d0b080 JavaThread "Cache worker for file content cache (C:\Users\mutha_rx3lv8e\.gradle\caches\8.14.5\fileContent)"        [_thread_blocked, id=28084, stack(0x0000005e8e400000,0x0000005e8e500000) (1024K)]
  0x0000023cf48558a0 JavaThread "C2 CompilerThread1"         daemon [_thread_blocked, id=10400, stack(0x0000005e8ca00000,0x0000005e8cb00000) (1024K)]
  0x0000023cf3d0bda0 JavaThread "File watcher server"        daemon [_thread_blocked, id=1844, stack(0x0000005e8e500000,0x0000005e8e600000) (1024K)]
  0x0000023cf3d09640 JavaThread "File watcher consumer"      daemon [_thread_blocked, id=5048, stack(0x0000005e8e600000,0x0000005e8e700000) (1024K)]
  0x0000023cf8c33590 JavaThread "build event listener"              [_thread_blocked, id=26188, stack(0x0000005e8e800000,0x0000005e8e900000) (1024K)]
  0x0000023cf8c32f00 JavaThread "build event listener"              [_thread_blocked, id=2324, stack(0x0000005e8e900000,0x0000005e8ea00000) (1024K)]
  0x0000023cf8c32870 JavaThread "build event listener"              [_thread_blocked, id=26784, stack(0x0000005e8ea00000,0x0000005e8eb00000) (1024K)]
  0x0000023cf8c321e0 JavaThread "Build operations"                  [_thread_blocked, id=20516, stack(0x0000005e8eb00000,0x0000005e8ec00000) (1024K)]
  0x0000023cf8c30110 JavaThread "Memory manager"                    [_thread_blocked, id=17020, stack(0x0000005e8e700000,0x0000005e8e800000) (1024K)]
  0x0000023cf8c370a0 JavaThread "included builds"                   [_thread_blocked, id=5844, stack(0x0000005e8ec00000,0x0000005e8ed00000) (1024K)]
  0x0000023cf8c35660 JavaThread "Execution worker"                  [_thread_blocked, id=19408, stack(0x0000005e8ed00000,0x0000005e8ee00000) (1024K)]
  0x0000023cf8c35cf0 JavaThread "Execution worker Thread 2"         [_thread_blocked, id=14432, stack(0x0000005e8ee00000,0x0000005e8ef00000) (1024K)]
  0x0000023cf8c34940 JavaThread "Execution worker Thread 3"         [_thread_blocked, id=13120, stack(0x0000005e8ef00000,0x0000005e8f000000) (1024K)]
  0x0000023cf8c34fd0 JavaThread "Execution worker Thread 4"         [_thread_blocked, id=11184, stack(0x0000005e8f000000,0x0000005e8f100000) (1024K)]
  0x0000023cf8c36380 JavaThread "Execution worker Thread 5"         [_thread_blocked, id=31980, stack(0x0000005e8f100000,0x0000005e8f200000) (1024K)]
  0x0000023cf8c37730 JavaThread "Execution worker Thread 6"         [_thread_blocked, id=15024, stack(0x0000005e8f200000,0x0000005e8f300000) (1024K)]
  0x0000023cf3d08920 JavaThread "Execution worker Thread 7"         [_thread_blocked, id=10208, stack(0x0000005e8f300000,0x0000005e8f400000) (1024K)]
  0x0000023cf47584b0 JavaThread "Cache worker for execution history cache (D:\schoofi\TNT-Kotlin\.gradle\8.14.5\executionHistory)"        [_thread_blocked, id=7196, stack(0x0000005e8f400000,0x0000005e8f500000) (1024K)]
  0x0000023cf4758b40 JavaThread "Unconstrained build operations"        [_thread_blocked, id=2188, stack(0x0000005e8f500000,0x0000005e8f600000) (1024K)]
  0x0000023cf47591d0 JavaThread "Unconstrained build operations Thread 2"        [_thread_blocked, id=10152, stack(0x0000005e8f600000,0x0000005e8f700000) (1024K)]
  0x0000023cf4757e20 JavaThread "Unconstrained build operations Thread 3"        [_thread_blocked, id=7504, stack(0x0000005e8f700000,0x0000005e8f800000) (1024K)]
  0x0000023cf4759ef0 JavaThread "Unconstrained build operations Thread 4"        [_thread_blocked, id=27156, stack(0x0000005e8f800000,0x0000005e8f900000) (1024K)]
  0x0000023cf475bfc0 JavaThread "Unconstrained build operations Thread 5"        [_thread_blocked, id=25448, stack(0x0000005e8f900000,0x0000005e8fa00000) (1024K)]
  0x0000023cf475a580 JavaThread "Unconstrained build operations Thread 6"        [_thread_blocked, id=26692, stack(0x0000005e8fa00000,0x0000005e8fb00000) (1024K)]
  0x0000023cf475c650 JavaThread "Unconstrained build operations Thread 7"        [_thread_blocked, id=22116, stack(0x0000005e8fb00000,0x0000005e8fc00000) (1024K)]
  0x0000023cf475ac10 JavaThread "Unconstrained build operations Thread 8"        [_thread_blocked, id=12824, stack(0x0000005e8fc00000,0x0000005e8fd00000) (1024K)]
  0x0000023cf475cce0 JavaThread "Unconstrained build operations Thread 9"        [_thread_blocked, id=11052, stack(0x0000005e8fd00000,0x0000005e8fe00000) (1024K)]
  0x0000023cf4759860 JavaThread "Unconstrained build operations Thread 10"        [_thread_blocked, id=8860, stack(0x0000005e8fe00000,0x0000005e8ff00000) (1024K)]
  0x0000023cf475b930 JavaThread "Unconstrained build operations Thread 11"        [_thread_blocked, id=30520, stack(0x0000005e8ff00000,0x0000005e90000000) (1024K)]
  0x0000023cf475e090 JavaThread "Unconstrained build operations Thread 12"        [_thread_blocked, id=30672, stack(0x0000005e90000000,0x0000005e90100000) (1024K)]
  0x0000023cf475f440 JavaThread "Unconstrained build operations Thread 13"        [_thread_blocked, id=24668, stack(0x0000005e90100000,0x0000005e90200000) (1024K)]
  0x0000023cf475d370 JavaThread "Unconstrained build operations Thread 14"        [_thread_blocked, id=28432, stack(0x0000005e90200000,0x0000005e90300000) (1024K)]
  0x0000023cf475da00 JavaThread "Unconstrained build operations Thread 15"        [_thread_blocked, id=31336, stack(0x0000005e90300000,0x0000005e90400000) (1024K)]
  0x0000023cf475e720 JavaThread "Unconstrained build operations Thread 16"        [_thread_blocked, id=34304, stack(0x0000005e90400000,0x0000005e90500000) (1024K)]
  0x0000023cf475edb0 JavaThread "Unconstrained build operations Thread 17"        [_thread_blocked, id=29724, stack(0x0000005e90500000,0x0000005e90600000) (1024K)]
  0x0000023cf8c342b0 JavaThread "Unconstrained build operations Thread 18"        [_thread_blocked, id=34208, stack(0x0000005e90600000,0x0000005e90700000) (1024K)]
  0x0000023cf8c33c20 JavaThread "Unconstrained build operations Thread 19"        [_thread_blocked, id=32108, stack(0x0000005e90700000,0x0000005e90800000) (1024K)]
  0x0000023cf8c30e30 JavaThread "Unconstrained build operations Thread 20"        [_thread_blocked, id=27096, stack(0x0000005e90800000,0x0000005e90900000) (1024K)]
  0x0000023cf8c36a10 JavaThread "Unconstrained build operations Thread 21"        [_thread_blocked, id=29232, stack(0x0000005e90900000,0x0000005e90a00000) (1024K)]
  0x0000023ced2dfb10 JavaThread "Unconstrained build operations Thread 22"        [_thread_blocked, id=12464, stack(0x0000005e90a00000,0x0000005e90b00000) (1024K)]
  0x0000023ced2df480 JavaThread "Unconstrained build operations Thread 23"        [_thread_blocked, id=9712, stack(0x0000005e90b00000,0x0000005e90c00000) (1024K)]
  0x0000023ced2dda40 JavaThread "Unconstrained build operations Thread 24"        [_thread_blocked, id=13572, stack(0x0000005e90c00000,0x0000005e90d00000) (1024K)]
  0x0000023ced2de0d0 JavaThread "Unconstrained build operations Thread 25"        [_thread_blocked, id=20300, stack(0x0000005e90d00000,0x0000005e90e00000) (1024K)]
  0x0000023ced2de760 JavaThread "Unconstrained build operations Thread 26"        [_thread_blocked, id=26112, stack(0x0000005e90e00000,0x0000005e90f00000) (1024K)]
  0x0000023ced2e01a0 JavaThread "Unconstrained build operations Thread 27"        [_thread_blocked, id=10304, stack(0x0000005e90f00000,0x0000005e91000000) (1024K)]
  0x0000023ced2dd3b0 JavaThread "Unconstrained build operations Thread 28"        [_thread_blocked, id=22036, stack(0x0000005e91000000,0x0000005e91100000) (1024K)]
  0x0000023ced2e0830 JavaThread "Unconstrained build operations Thread 29"        [_thread_blocked, id=23360, stack(0x0000005e91100000,0x0000005e91200000) (1024K)]
  0x0000023ced2dedf0 JavaThread "Unconstrained build operations Thread 30"        [_thread_blocked, id=29984, stack(0x0000005e91200000,0x0000005e91300000) (1024K)]
  0x0000023ced2e2270 JavaThread "Unconstrained build operations Thread 31"        [_thread_blocked, id=25692, stack(0x0000005e91300000,0x0000005e91400000) (1024K)]
  0x0000023ced2e2f90 JavaThread "Unconstrained build operations Thread 32"        [_thread_blocked, id=2664, stack(0x0000005e91400000,0x0000005e91500000) (1024K)]
  0x0000023ced2e3620 JavaThread "Unconstrained build operations Thread 33"        [_thread_blocked, id=34388, stack(0x0000005e91500000,0x0000005e91600000) (1024K)]
  0x0000023ced2e2900 JavaThread "Unconstrained build operations Thread 34"        [_thread_blocked, id=27860, stack(0x0000005e91600000,0x0000005e91700000) (1024K)]
  0x0000023ced2e3cb0 JavaThread "Unconstrained build operations Thread 35"        [_thread_blocked, id=22792, stack(0x0000005e91700000,0x0000005e91800000) (1024K)]
  0x0000023ced2e4340 JavaThread "Unconstrained build operations Thread 36"        [_thread_blocked, id=10016, stack(0x0000005e91800000,0x0000005e91900000) (1024K)]
  0x0000023ced2e0ec0 JavaThread "Unconstrained build operations Thread 37"        [_thread_blocked, id=24936, stack(0x0000005e91900000,0x0000005e91a00000) (1024K)]
  0x0000023ced2e1550 JavaThread "Unconstrained build operations Thread 38"        [_thread_blocked, id=23228, stack(0x0000005e91a00000,0x0000005e91b00000) (1024K)]
  0x0000023ced2e49d0 JavaThread "Unconstrained build operations Thread 39"        [_thread_blocked, id=28080, stack(0x0000005e91b00000,0x0000005e91c00000) (1024K)]
  0x0000023ced2e1be0 JavaThread "Unconstrained build operations Thread 40"        [_thread_blocked, id=18572, stack(0x0000005e91c00000,0x0000005e91d00000) (1024K)]
  0x0000023cf5dd38b0 JavaThread "Unconstrained build operations Thread 41"        [_thread_blocked, id=26536, stack(0x0000005e91d00000,0x0000005e91e00000) (1024K)]
  0x0000023cf5dd6010 JavaThread "Unconstrained build operations Thread 42"        [_thread_blocked, id=28988, stack(0x0000005e91e00000,0x0000005e91f00000) (1024K)]
  0x0000023cf5dd3220 JavaThread "pool-2-thread-1"                   [_thread_blocked, id=14232, stack(0x0000005e91f00000,0x0000005e92000000) (1024K)]
  0x0000023cf5dd3f40 JavaThread "Unconstrained build operations Thread 43"        [_thread_blocked, id=33692, stack(0x0000005e92000000,0x0000005e92100000) (1024K)]
  0x0000023cf5dd5980 JavaThread "Unconstrained build operations Thread 44"        [_thread_blocked, id=9272, stack(0x0000005e92100000,0x0000005e92200000) (1024K)]
  0x0000023cf5dd2b90 JavaThread "Unconstrained build operations Thread 45"        [_thread_blocked, id=17472, stack(0x0000005e92200000,0x0000005e92300000) (1024K)]
  0x0000023cf5dd4c60 JavaThread "Unconstrained build operations Thread 46"        [_thread_blocked, id=11836, stack(0x0000005e92300000,0x0000005e92400000) (1024K)]
  0x0000023cf5dd6d30 JavaThread "Unconstrained build operations Thread 47"        [_thread_blocked, id=2628, stack(0x0000005e92400000,0x0000005e92500000) (1024K)]
  0x0000023cf5dd52f0 JavaThread "Unconstrained build operations Thread 48"        [_thread_blocked, id=28384, stack(0x0000005e92500000,0x0000005e92600000) (1024K)]
  0x0000023cf5dd45d0 JavaThread "Unconstrained build operations Thread 49"        [_thread_blocked, id=5916, stack(0x0000005e92600000,0x0000005e92700000) (1024K)]
  0x0000023cf5dd9490 JavaThread "Unconstrained build operations Thread 50"        [_thread_blocked, id=15756, stack(0x0000005e8e100000,0x0000005e8e200000) (1024K)]
  0x0000023cf5dd9b20 JavaThread "Unconstrained build operations Thread 51"        [_thread_blocked, id=27064, stack(0x0000005e92700000,0x0000005e92800000) (1024K)]
  0x0000023cf5dd73c0 JavaThread "Unconstrained build operations Thread 52"        [_thread_blocked, id=14868, stack(0x0000005e92800000,0x0000005e92900000) (1024K)]
  0x0000023cf4043ef0 JavaThread "C2 CompilerThread2"         daemon [_thread_blocked, id=25552, stack(0x0000005e92900000,0x0000005e92a00000) (1024K)]
  0x0000023cf5dd8770 JavaThread "Unconstrained build operations Thread 53"        [_thread_blocked, id=11188, stack(0x0000005e92a00000,0x0000005e92b00000) (1024K)]
  0x0000023cf5dd8e00 JavaThread "Unconstrained build operations Thread 54"        [_thread_blocked, id=1780, stack(0x0000005e92b00000,0x0000005e92c00000) (1024K)]
  0x0000023cf5dd66a0 JavaThread "Unconstrained build operations Thread 55"        [_thread_blocked, id=29452, stack(0x0000005e92c00000,0x0000005e92d00000) (1024K)]
  0x0000023cf5dda1b0 JavaThread "Unconstrained build operations Thread 56"        [_thread_blocked, id=25768, stack(0x0000005e92d00000,0x0000005e92e00000) (1024K)]
  0x0000023cf8c307a0 JavaThread "Unconstrained build operations Thread 57"        [_thread_blocked, id=18744, stack(0x0000005e92e00000,0x0000005e92f00000) (1024K)]
  0x0000023cf7020000 JavaThread "Unconstrained build operations Thread 58"        [_thread_blocked, id=20352, stack(0x0000005e92f00000,0x0000005e93000000) (1024K)]
  0x0000023cf7020690 JavaThread "Unconstrained build operations Thread 59"        [_thread_blocked, id=16812, stack(0x0000005e93000000,0x0000005e93100000) (1024K)]
  0x0000023cf7023480 JavaThread "Unconstrained build operations Thread 60"        [_thread_blocked, id=11652, stack(0x0000005e93100000,0x0000005e93200000) (1024K)]
  0x0000023cf70220d0 JavaThread "Unconstrained build operations Thread 61"        [_thread_blocked, id=12496, stack(0x0000005e93200000,0x0000005e93300000) (1024K)]
  0x0000023cf70213b0 JavaThread "Unconstrained build operations Thread 62"        [_thread_blocked, id=29968, stack(0x0000005e93300000,0x0000005e93400000) (1024K)]
  0x0000023cf7022df0 JavaThread "Unconstrained build operations Thread 63"        [_thread_blocked, id=34408, stack(0x0000005e93400000,0x0000005e93500000) (1024K)]
  0x0000023cf7021a40 JavaThread "Unconstrained build operations Thread 64"        [_thread_blocked, id=13288, stack(0x0000005e93500000,0x0000005e93600000) (1024K)]
  0x0000023cf7020d20 JavaThread "Unconstrained build operations Thread 65"        [_thread_blocked, id=9924, stack(0x0000005e93600000,0x0000005e93700000) (1024K)]
  0x0000023cf7022760 JavaThread "Unconstrained build operations Thread 66"        [_thread_blocked, id=27088, stack(0x0000005e93700000,0x0000005e93800000) (1024K)]
  0x0000023cf98f7fd0 JavaThread "WorkerExecutor Queue"              [_thread_blocked, id=28904, stack(0x0000005e93800000,0x0000005e93900000) (1024K)]
  0x0000023cf98f8cf0 JavaThread "WorkerExecutor Queue Thread 2"        [_thread_blocked, id=20412, stack(0x0000005e93900000,0x0000005e93a00000) (1024K)]
  0x0000023cf98f9a10 JavaThread "WorkerExecutor Queue Thread 3"        [_thread_blocked, id=16156, stack(0x0000005e93a00000,0x0000005e93b00000) (1024K)]
  0x0000023cf98fa0a0 JavaThread "WorkerExecutor Queue Thread 4"        [_thread_blocked, id=31628, stack(0x0000005e93b00000,0x0000005e93c00000) (1024K)]
  0x0000023cf98fa730 JavaThread "WorkerExecutor Queue Thread 5"        [_thread_blocked, id=13216, stack(0x0000005e93c00000,0x0000005e93d00000) (1024K)]
  0x0000023cf6f42900 JavaThread "WorkerExecutor Queue Thread 7"        [_thread_blocked, id=26004, stack(0x0000005e93e00000,0x0000005e93f00000) (1024K)]
  0x0000023cf6f43cb0 JavaThread "WorkerExecutor Queue Thread 8"        [_thread_blocked, id=22708, stack(0x0000005e93f00000,0x0000005e94000000) (1024K)]
  0x0000023cf6f42f90 JavaThread "WorkerExecutor Queue Thread 9"        [_thread_blocked, id=31124, stack(0x0000005e94000000,0x0000005e94100000) (1024K)]
  0x0000023cf6f46aa0 JavaThread "Unconstrained build operations Thread 67"        [_thread_blocked, id=27040, stack(0x0000005e93d00000,0x0000005e93e00000) (1024K)]
  0x0000023cf6f45d80 JavaThread "Unconstrained build operations Thread 68"        [_thread_blocked, id=34728, stack(0x0000005e94100000,0x0000005e94200000) (1024K)]
  0x0000023cf6f449d0 JavaThread "Unconstrained build operations Thread 69"        [_thread_blocked, id=12472, stack(0x0000005e94200000,0x0000005e94300000) (1024K)]
  0x0000023cf6f456f0 JavaThread "Unconstrained build operations Thread 70"        [_thread_blocked, id=23080, stack(0x0000005e94300000,0x0000005e94400000) (1024K)]
  0x0000023cf6f46410 JavaThread "Unconstrained build operations Thread 71"        [_thread_blocked, id=21932, stack(0x0000005e94400000,0x0000005e94500000) (1024K)]
  0x0000023cf6f47130 JavaThread "Unconstrained build operations Thread 72"        [_thread_blocked, id=28956, stack(0x0000005e94500000,0x0000005e94600000) (1024K)]
  0x0000023cf6f47e50 JavaThread "Unconstrained build operations Thread 73"        [_thread_blocked, id=11060, stack(0x0000005e94600000,0x0000005e94700000) (1024K)]
  0x0000023cf6f477c0 JavaThread "Unconstrained build operations Thread 74"        [_thread_blocked, id=34792, stack(0x0000005e94700000,0x0000005e94800000) (1024K)]
  0x0000023cf4e65b30 JavaThread "pool-3-thread-1"                   [_thread_blocked, id=15460, stack(0x0000005e94800000,0x0000005e94900000) (1024K)]
  0x0000023cf7f6a4d0 JavaThread "stderr"                            [_thread_in_native, id=14980, stack(0x0000005e94900000,0x0000005e94a00000) (1024K)]
  0x0000023cf7f69120 JavaThread "stdout"                            [_thread_in_native, id=15000, stack(0x0000005e94a00000,0x0000005e94b00000) (1024K)]
Total: 132

Other Threads:
=>0x0000023ca84f3700 VMThread "VM Thread"                           [id=33492, stack(0x0000005e8bf00000,0x0000005e8c000000) (1024K)]
  0x0000023ced0809d0 WatcherThread "VM Periodic Task Thread"        [id=22876, stack(0x0000005e8be00000,0x0000005e8bf00000) (1024K)]
  0x0000023ca8381120 WorkerThread "GC Thread#0"                     [id=5584, stack(0x0000005e8b900000,0x0000005e8ba00000) (1024K)]
  0x0000023ca84f3e60 WorkerThread "GC Thread#1"                     [id=16160, stack(0x0000005e8cb00000,0x0000005e8cc00000) (1024K)]
  0x0000023ca84f4d20 WorkerThread "GC Thread#2"                     [id=32072, stack(0x0000005e8cc00000,0x0000005e8cd00000) (1024K)]
  0x0000023ca84f4210 WorkerThread "GC Thread#3"                     [id=29436, stack(0x0000005e8cd00000,0x0000005e8ce00000) (1024K)]
  0x0000023ca84f45c0 WorkerThread "GC Thread#4"                     [id=32500, stack(0x0000005e8ce00000,0x0000005e8cf00000) (1024K)]
  0x0000023ca84f3ab0 WorkerThread "GC Thread#5"                     [id=28136, stack(0x0000005e8cf00000,0x0000005e8d000000) (1024K)]
  0x0000023cf3418c10 WorkerThread "GC Thread#6"                     [id=32140, stack(0x0000005e8da00000,0x0000005e8db00000) (1024K)]
  0x0000023cf341a990 WorkerThread "GC Thread#7"                     [id=25432, stack(0x0000005e8db00000,0x0000005e8dc00000) (1024K)]
  0x0000023c904a0fc0 ConcurrentGCThread "G1 Main Marker"            [id=30220, stack(0x0000005e8ba00000,0x0000005e8bb00000) (1024K)]
  0x0000023c904a28f0 WorkerThread "G1 Conc#0"                       [id=23216, stack(0x0000005e8bb00000,0x0000005e8bc00000) (1024K)]
  0x0000023cf65275b0 WorkerThread "G1 Conc#1"                       [id=26456, stack(0x0000005e8e200000,0x0000005e8e300000) (1024K)]
  0x0000023ca8430560 ConcurrentGCThread "G1 Refine#0"               [id=15228, stack(0x0000005e8bc00000,0x0000005e8bd00000) (1024K)]
  0x0000023ca8433b90 ConcurrentGCThread "G1 Service"                [id=15488, stack(0x0000005e8bd00000,0x0000005e8be00000) (1024K)]
Total: 15

Threads with active compile tasks:
C2 CompilerThread0  77784 21106       4       java.util.TimSort::mergeLo (659 bytes)
C2 CompilerThread1  77784 21080   !   4       com.android.tools.r8.internal.yB::a (4220 bytes)
C2 CompilerThread2  77784 21042       4       com.android.tools.r8.internal.VS::a (972 bytes)
Total: 3

VM state: at safepoint (normal execution)

VM Mutex/Monitor currently owned by a thread:  ([mutex/lock_event])
[0x00007ffdc6fcadb0] Threads_lock - owner thread: 0x0000023ca84f3700
[0x00007ffdc6fcaeb0] Heap_lock - owner thread: 0x0000023cf7021a40

Heap address: 0x0000000700000000, size: 4096 MB, Compressed Oops mode: Zero based, Oop shift amount: 3

CDS archive(s) mapped at: [0x0000023cab000000-0x0000023cacc20000-0x0000023cacc20000), size 29491200, SharedBaseAddress: 0x0000023cab000000, ArchiveRelocationMode: 1.
Compressed class space mapped at: 0x0000023cad000000-0x0000023ced000000, reserved size: 1073741824
Narrow klass base: 0x0000023cab000000, Narrow klass shift: 0, Narrow klass range: 0x100000000

GC Precious Log:
 CardTable entry size: 512
 Card Set container configuration: InlinePtr #cards 4 size 8 Array Of Cards #cards 16 size 48 Howl #buckets 8 coarsen threshold 3686 Howl Bitmap #cards 512 size 80 coarsen threshold 460 Card regions per heap region 1 cards per card region 4096
 CPUs: 8 total, 8 available
 Memory: 16198M
 Large Page Support: Disabled
 NUMA Support: Disabled
 Compressed Oops: Enabled (Zero based)
 Heap Region Size: 2M
 Heap Min Capacity: 8M
 Heap Initial Capacity: 254M
 Heap Max Capacity: 4G
 Pre-touch: Disabled
 Parallel Workers: 8
 Concurrent Workers: 2
 Concurrent Refinement Workers: 8
 Periodic GC: Disabled

Heap:
 garbage-first heap   total 1245184K, used 341823K [0x0000000700000000, 0x0000000800000000)
  region size 2048K, 23 young (47104K), 23 survivors (47104K)
 Metaspace       used 92269K, committed 93952K, reserved 1179648K
  class space    used 13156K, committed 14016K, reserved 1048576K

Heap Regions: E=young(eden), S=young(survivor), O=old, HS=humongous(starts), HC=humongous(continues), CS=collection set, F=free, TAMS=top-at-mark-start, PB=parsable bottom
|   0|0x0000000700000000, 0x0000000700200000, 0x0000000700200000|100%|HS|  |TAMS 0x0000000700000000| PB 0x0000000700000000| Complete 
|   1|0x0000000700200000, 0x0000000700400000, 0x0000000700400000|100%|HC|  |TAMS 0x0000000700200000| PB 0x0000000700200000| Complete 
|   2|0x0000000700400000, 0x0000000700600000, 0x0000000700600000|100%| O|  |TAMS 0x0000000700400000| PB 0x0000000700400000| Untracked 
|   3|0x0000000700600000, 0x0000000700800000, 0x0000000700800000|100%| O|  |TAMS 0x0000000700600000| PB 0x0000000700600000| Untracked 
|   4|0x0000000700800000, 0x0000000700a00000, 0x0000000700a00000|100%| O|  |TAMS 0x0000000700800000| PB 0x0000000700800000| Untracked 
|   5|0x0000000700a00000, 0x0000000700c00000, 0x0000000700c00000|100%| O|  |TAMS 0x0000000700a00000| PB 0x0000000700a00000| Untracked 
|   6|0x0000000700c00000, 0x0000000700e00000, 0x0000000700e00000|100%|HS|  |TAMS 0x0000000700c00000| PB 0x0000000700c00000| Complete 
|   7|0x0000000700e00000, 0x0000000701000000, 0x0000000701000000|100%|HS|  |TAMS 0x0000000700e00000| PB 0x0000000700e00000| Complete 
|   8|0x0000000701000000, 0x0000000701200000, 0x0000000701200000|100%| O|  |TAMS 0x0000000701000000| PB 0x0000000701000000| Untracked 
|   9|0x0000000701200000, 0x0000000701400000, 0x0000000701400000|100%| O|  |TAMS 0x0000000701200000| PB 0x0000000701200000| Untracked 
|  10|0x0000000701400000, 0x0000000701600000, 0x0000000701600000|100%| O|  |TAMS 0x0000000701400000| PB 0x0000000701400000| Untracked 
|  11|0x0000000701600000, 0x0000000701800000, 0x0000000701800000|100%| O|  |TAMS 0x0000000701600000| PB 0x0000000701600000| Untracked 
|  12|0x0000000701800000, 0x0000000701a00000, 0x0000000701a00000|100%| O|  |TAMS 0x0000000701800000| PB 0x0000000701800000| Untracked 
|  13|0x0000000701a00000, 0x0000000701c00000, 0x0000000701c00000|100%| O|  |TAMS 0x0000000701a00000| PB 0x0000000701a00000| Untracked 
|  14|0x0000000701c00000, 0x0000000701e00000, 0x0000000701e00000|100%| O|  |TAMS 0x0000000701c00000| PB 0x0000000701c00000| Untracked 
|  15|0x0000000701e00000, 0x0000000702000000, 0x0000000702000000|100%| O|  |TAMS 0x0000000701e00000| PB 0x0000000701e00000| Untracked 
|  16|0x0000000702000000, 0x0000000702200000, 0x0000000702200000|100%| O|  |TAMS 0x0000000702000000| PB 0x0000000702000000| Untracked 
|  17|0x0000000702200000, 0x0000000702400000, 0x0000000702400000|100%| O|  |TAMS 0x0000000702200000| PB 0x0000000702200000| Untracked 
|  18|0x0000000702400000, 0x0000000702600000, 0x0000000702600000|100%| O|  |TAMS 0x0000000702400000| PB 0x0000000702400000| Untracked 
|  19|0x0000000702600000, 0x0000000702800000, 0x0000000702800000|100%| O|  |TAMS 0x0000000702600000| PB 0x0000000702600000| Untracked 
|  20|0x0000000702800000, 0x0000000702a00000, 0x0000000702a00000|100%| O|  |TAMS 0x0000000702800000| PB 0x0000000702800000| Untracked 
|  21|0x0000000702a00000, 0x0000000702c00000, 0x0000000702c00000|100%| O|  |TAMS 0x0000000702a00000| PB 0x0000000702a00000| Untracked 
|  22|0x0000000702c00000, 0x0000000702e00000, 0x0000000702e00000|100%| O|  |TAMS 0x0000000702c00000| PB 0x0000000702c00000| Untracked 
|  23|0x0000000702e00000, 0x0000000703000000, 0x0000000703000000|100%| O|  |TAMS 0x0000000702e00000| PB 0x0000000702e00000| Untracked 
|  24|0x0000000703000000, 0x0000000703200000, 0x0000000703200000|100%| O|  |TAMS 0x0000000703000000| PB 0x0000000703000000| Untracked 
|  25|0x0000000703200000, 0x0000000703400000, 0x0000000703400000|100%| O|  |TAMS 0x0000000703200000| PB 0x0000000703200000| Untracked 
|  26|0x0000000703400000, 0x0000000703600000, 0x0000000703600000|100%| O|  |TAMS 0x0000000703400000| PB 0x0000000703400000| Untracked 
|  27|0x0000000703600000, 0x0000000703800000, 0x0000000703800000|100%| O|  |TAMS 0x0000000703600000| PB 0x0000000703600000| Untracked 
|  28|0x0000000703800000, 0x0000000703a00000, 0x0000000703a00000|100%| O|  |TAMS 0x0000000703800000| PB 0x0000000703800000| Untracked 
|  29|0x0000000703a00000, 0x0000000703c00000, 0x0000000703c00000|100%| O|  |TAMS 0x0000000703a00000| PB 0x0000000703a00000| Untracked 
|  30|0x0000000703c00000, 0x0000000703e00000, 0x0000000703e00000|100%| O|  |TAMS 0x0000000703c00000| PB 0x0000000703c00000| Untracked 
|  31|0x0000000703e00000, 0x0000000704000000, 0x0000000704000000|100%| O|  |TAMS 0x0000000703e00000| PB 0x0000000703e00000| Untracked 
|  32|0x0000000704000000, 0x0000000704200000, 0x0000000704200000|100%| O|  |TAMS 0x0000000704000000| PB 0x0000000704000000| Untracked 
|  33|0x0000000704200000, 0x0000000704400000, 0x0000000704400000|100%| O|  |TAMS 0x0000000704200000| PB 0x0000000704200000| Untracked 
|  34|0x0000000704400000, 0x0000000704600000, 0x0000000704600000|100%| O|  |TAMS 0x0000000704400000| PB 0x0000000704400000| Untracked 
|  35|0x0000000704600000, 0x00000007047cff50, 0x0000000704800000| 90%| O|  |TAMS 0x0000000704600000| PB 0x0000000704600000| Untracked 
|  36|0x0000000704800000, 0x0000000704800000, 0x0000000704a00000|  0%| F|  |TAMS 0x0000000704800000| PB 0x0000000704800000| Untracked 
|  37|0x0000000704a00000, 0x0000000704c00000, 0x0000000704c00000|100%| O|  |TAMS 0x0000000704a00000| PB 0x0000000704a00000| Untracked 
|  38|0x0000000704c00000, 0x0000000704e00000, 0x0000000704e00000|100%| O|  |TAMS 0x0000000704c00000| PB 0x0000000704c00000| Untracked 
|  39|0x0000000704e00000, 0x0000000705000000, 0x0000000705000000|100%| O|  |TAMS 0x0000000704e00000| PB 0x0000000704e00000| Untracked 
|  40|0x0000000705000000, 0x0000000705200000, 0x0000000705200000|100%| O|  |TAMS 0x0000000705000000| PB 0x0000000705000000| Untracked 
|  41|0x0000000705200000, 0x0000000705400000, 0x0000000705400000|100%| O|  |TAMS 0x0000000705200000| PB 0x0000000705200000| Untracked 
|  42|0x0000000705400000, 0x0000000705600000, 0x0000000705600000|100%| O|  |TAMS 0x0000000705400000| PB 0x0000000705400000| Untracked 
|  43|0x0000000705600000, 0x0000000705800000, 0x0000000705800000|100%| O|  |TAMS 0x0000000705600000| PB 0x0000000705600000| Untracked 
|  44|0x0000000705800000, 0x0000000705a00000, 0x0000000705a00000|100%| O|  |TAMS 0x0000000705800000| PB 0x0000000705800000| Untracked 
|  45|0x0000000705a00000, 0x0000000705c00000, 0x0000000705c00000|100%| O|  |TAMS 0x0000000705a00000| PB 0x0000000705a00000| Untracked 
|  46|0x0000000705c00000, 0x0000000705e00000, 0x0000000705e00000|100%| O|  |TAMS 0x0000000705c00000| PB 0x0000000705c00000| Untracked 
|  47|0x0000000705e00000, 0x0000000706000000, 0x0000000706000000|100%| O|  |TAMS 0x0000000705e00000| PB 0x0000000705e00000| Untracked 
|  48|0x0000000706000000, 0x0000000706200000, 0x0000000706200000|100%| O|  |TAMS 0x0000000706000000| PB 0x0000000706000000| Untracked 
|  49|0x0000000706200000, 0x0000000706400000, 0x0000000706400000|100%| O|  |TAMS 0x0000000706200000| PB 0x0000000706200000| Untracked 
|  50|0x0000000706400000, 0x0000000706600000, 0x0000000706600000|100%| O|  |TAMS 0x0000000706400000| PB 0x0000000706400000| Untracked 
|  51|0x0000000706600000, 0x0000000706800000, 0x0000000706800000|100%| O|  |TAMS 0x0000000706600000| PB 0x0000000706600000| Untracked 
|  52|0x0000000706800000, 0x0000000706a00000, 0x0000000706a00000|100%| O|  |TAMS 0x0000000706800000| PB 0x0000000706800000| Untracked 
|  53|0x0000000706a00000, 0x0000000706c00000, 0x0000000706c00000|100%| O|  |TAMS 0x0000000706a00000| PB 0x0000000706a00000| Untracked 
|  54|0x0000000706c00000, 0x0000000706e00000, 0x0000000706e00000|100%| O|  |TAMS 0x0000000706c00000| PB 0x0000000706c00000| Untracked 
|  55|0x0000000706e00000, 0x0000000707000000, 0x0000000707000000|100%| O|  |TAMS 0x0000000706e00000| PB 0x0000000706e00000| Untracked 
|  56|0x0000000707000000, 0x0000000707200000, 0x0000000707200000|100%| O|  |TAMS 0x0000000707000000| PB 0x0000000707000000| Untracked 
|  57|0x0000000707200000, 0x0000000707400000, 0x0000000707400000|100%| O|  |TAMS 0x0000000707200000| PB 0x0000000707200000| Untracked 
|  58|0x0000000707400000, 0x0000000707600000, 0x0000000707600000|100%| O|  |TAMS 0x0000000707400000| PB 0x0000000707400000| Untracked 
|  59|0x0000000707600000, 0x0000000707800000, 0x0000000707800000|100%| O|  |TAMS 0x0000000707600000| PB 0x0000000707600000| Untracked 
|  60|0x0000000707800000, 0x0000000707a00000, 0x0000000707a00000|100%| O|  |TAMS 0x0000000707800000| PB 0x0000000707800000| Untracked 
|  61|0x0000000707a00000, 0x0000000707c00000, 0x0000000707c00000|100%| O|  |TAMS 0x0000000707a00000| PB 0x0000000707a00000| Untracked 
|  62|0x0000000707c00000, 0x0000000707e00000, 0x0000000707e00000|100%| O|  |TAMS 0x0000000707c00000| PB 0x0000000707c00000| Untracked 
|  63|0x0000000707e00000, 0x0000000708000000, 0x0000000708000000|100%| O|  |TAMS 0x0000000707e00000| PB 0x0000000707e00000| Untracked 
|  64|0x0000000708000000, 0x0000000708200000, 0x0000000708200000|100%| O|  |TAMS 0x0000000708000000| PB 0x0000000708000000| Untracked 
|  65|0x0000000708200000, 0x0000000708200000, 0x0000000708400000|  0%| F|  |TAMS 0x0000000708200000| PB 0x0000000708200000| Untracked 
|  66|0x0000000708400000, 0x0000000708600000, 0x0000000708600000|100%| O|  |TAMS 0x0000000708400000| PB 0x0000000708400000| Untracked 
|  67|0x0000000708600000, 0x0000000708800000, 0x0000000708800000|100%| O|  |TAMS 0x0000000708600000| PB 0x0000000708600000| Untracked 
|  68|0x0000000708800000, 0x0000000708a00000, 0x0000000708a00000|100%| O|  |TAMS 0x0000000708800000| PB 0x0000000708800000| Untracked 
|  69|0x0000000708a00000, 0x0000000708c00000, 0x0000000708c00000|100%| O|  |TAMS 0x0000000708a00000| PB 0x0000000708a00000| Untracked 
|  70|0x0000000708c00000, 0x0000000708e00000, 0x0000000708e00000|100%| O|  |TAMS 0x0000000708c00000| PB 0x0000000708c00000| Untracked 
|  71|0x0000000708e00000, 0x0000000709000000, 0x0000000709000000|100%| O|  |TAMS 0x0000000708e00000| PB 0x0000000708e00000| Untracked 
|  72|0x0000000709000000, 0x0000000709200000, 0x0000000709200000|100%| O|  |TAMS 0x0000000709000000| PB 0x0000000709000000| Untracked 
|  73|0x0000000709200000, 0x0000000709400000, 0x0000000709400000|100%| O|  |TAMS 0x0000000709200000| PB 0x0000000709200000| Untracked 
|  74|0x0000000709400000, 0x0000000709600000, 0x0000000709600000|100%| O|  |TAMS 0x0000000709400000| PB 0x0000000709400000| Untracked 
|  75|0x0000000709600000, 0x0000000709600000, 0x0000000709800000|  0%| F|  |TAMS 0x0000000709600000| PB 0x0000000709600000| Untracked 
|  76|0x0000000709800000, 0x0000000709a00000, 0x0000000709a00000|100%| O|  |TAMS 0x0000000709800000| PB 0x0000000709800000| Untracked 
|  77|0x0000000709a00000, 0x0000000709c00000, 0x0000000709c00000|100%| O|  |TAMS 0x0000000709a00000| PB 0x0000000709a00000| Untracked 
|  78|0x0000000709c00000, 0x0000000709e00000, 0x0000000709e00000|100%| O|  |TAMS 0x0000000709c00000| PB 0x0000000709c00000| Untracked 
|  79|0x0000000709e00000, 0x000000070a000000, 0x000000070a000000|100%| O|  |TAMS 0x0000000709e00000| PB 0x0000000709e00000| Untracked 
|  80|0x000000070a000000, 0x000000070a200000, 0x000000070a200000|100%| O|  |TAMS 0x000000070a000000| PB 0x000000070a000000| Untracked 
|  81|0x000000070a200000, 0x000000070a200000, 0x000000070a400000|  0%| F|  |TAMS 0x000000070a200000| PB 0x000000070a200000| Untracked 
|  82|0x000000070a400000, 0x000000070a600000, 0x000000070a600000|100%| O|  |TAMS 0x000000070a400000| PB 0x000000070a400000| Untracked 
|  83|0x000000070a600000, 0x000000070a600000, 0x000000070a800000|  0%| F|  |TAMS 0x000000070a600000| PB 0x000000070a600000| Untracked 
|  84|0x000000070a800000, 0x000000070aa00000, 0x000000070aa00000|100%| O|  |TAMS 0x000000070a800000| PB 0x000000070a800000| Untracked 
|  85|0x000000070aa00000, 0x000000070ac00000, 0x000000070ac00000|100%| O|  |TAMS 0x000000070aa00000| PB 0x000000070aa00000| Untracked 
|  86|0x000000070ac00000, 0x000000070ae00000, 0x000000070ae00000|100%| O|  |TAMS 0x000000070ac00000| PB 0x000000070ac00000| Untracked 
|  87|0x000000070ae00000, 0x000000070b000000, 0x000000070b000000|100%| O|  |TAMS 0x000000070ae00000| PB 0x000000070ae00000| Untracked 
|  88|0x000000070b000000, 0x000000070b200000, 0x000000070b200000|100%| O|  |TAMS 0x000000070b000000| PB 0x000000070b000000| Untracked 
|  89|0x000000070b200000, 0x000000070b400000, 0x000000070b400000|100%| O|  |TAMS 0x000000070b200000| PB 0x000000070b200000| Untracked 
|  90|0x000000070b400000, 0x000000070b600000, 0x000000070b600000|100%| O|  |TAMS 0x000000070b400000| PB 0x000000070b400000| Untracked 
|  91|0x000000070b600000, 0x000000070b800000, 0x000000070b800000|100%| O|  |TAMS 0x000000070b600000| PB 0x000000070b600000| Untracked 
|  92|0x000000070b800000, 0x000000070ba00000, 0x000000070ba00000|100%| O|  |TAMS 0x000000070b800000| PB 0x000000070b800000| Untracked 
|  93|0x000000070ba00000, 0x000000070bc00000, 0x000000070bc00000|100%| O|  |TAMS 0x000000070ba00000| PB 0x000000070ba00000| Untracked 
|  94|0x000000070bc00000, 0x000000070be00000, 0x000000070be00000|100%| O|  |TAMS 0x000000070bc00000| PB 0x000000070bc00000| Untracked 
|  95|0x000000070be00000, 0x000000070c000000, 0x000000070c000000|100%| O|  |TAMS 0x000000070be00000| PB 0x000000070be00000| Untracked 
|  96|0x000000070c000000, 0x000000070c200000, 0x000000070c200000|100%| O|  |TAMS 0x000000070c000000| PB 0x000000070c000000| Untracked 
|  97|0x000000070c200000, 0x000000070c400000, 0x000000070c400000|100%| O|  |TAMS 0x000000070c200000| PB 0x000000070c200000| Untracked 
|  98|0x000000070c400000, 0x000000070c600000, 0x000000070c600000|100%| O|  |TAMS 0x000000070c400000| PB 0x000000070c400000| Untracked 
|  99|0x000000070c600000, 0x000000070c800000, 0x000000070c800000|100%| O|  |TAMS 0x000000070c600000| PB 0x000000070c600000| Untracked 
| 100|0x000000070c800000, 0x000000070ca00000, 0x000000070ca00000|100%| O|  |TAMS 0x000000070c800000| PB 0x000000070c800000| Untracked 
| 101|0x000000070ca00000, 0x000000070cc00000, 0x000000070cc00000|100%| O|  |TAMS 0x000000070ca00000| PB 0x000000070ca00000| Untracked 
| 102|0x000000070cc00000, 0x000000070ce00000, 0x000000070ce00000|100%| O|  |TAMS 0x000000070cc00000| PB 0x000000070cc00000| Untracked 
| 103|0x000000070ce00000, 0x000000070d000000, 0x000000070d000000|100%| O|  |TAMS 0x000000070ce00000| PB 0x000000070ce00000| Untracked 
| 104|0x000000070d000000, 0x000000070d200000, 0x000000070d200000|100%| O|  |TAMS 0x000000070d000000| PB 0x000000070d000000| Untracked 
| 105|0x000000070d200000, 0x000000070d400000, 0x000000070d400000|100%| O|  |TAMS 0x000000070d200000| PB 0x000000070d200000| Untracked 
| 106|0x000000070d400000, 0x000000070d600000, 0x000000070d600000|100%| O|  |TAMS 0x000000070d400000| PB 0x000000070d400000| Untracked 
| 107|0x000000070d600000, 0x000000070d800000, 0x000000070d800000|100%| O|  |TAMS 0x000000070d600000| PB 0x000000070d600000| Untracked 
| 108|0x000000070d800000, 0x000000070da00000, 0x000000070da00000|100%| O|  |TAMS 0x000000070d800000| PB 0x000000070d800000| Untracked 
| 109|0x000000070da00000, 0x000000070dc00000, 0x000000070dc00000|100%| O|  |TAMS 0x000000070da00000| PB 0x000000070da00000| Untracked 
| 110|0x000000070dc00000, 0x000000070de00000, 0x000000070de00000|100%| O|  |TAMS 0x000000070dc00000| PB 0x000000070dc00000| Untracked 
| 111|0x000000070de00000, 0x000000070e000000, 0x000000070e000000|100%| O|  |TAMS 0x000000070de00000| PB 0x000000070de00000| Untracked 
| 112|0x000000070e000000, 0x000000070e200000, 0x000000070e200000|100%| O|  |TAMS 0x000000070e000000| PB 0x000000070e000000| Untracked 
| 113|0x000000070e200000, 0x000000070e400000, 0x000000070e400000|100%| O|  |TAMS 0x000000070e200000| PB 0x000000070e200000| Untracked 
| 114|0x000000070e400000, 0x000000070e600000, 0x000000070e600000|100%| O|  |TAMS 0x000000070e400000| PB 0x000000070e400000| Untracked 
| 115|0x000000070e600000, 0x000000070e800000, 0x000000070e800000|100%| O|  |TAMS 0x000000070e600000| PB 0x000000070e600000| Untracked 
| 116|0x000000070e800000, 0x000000070e800000, 0x000000070ea00000|  0%| F|  |TAMS 0x000000070e800000| PB 0x000000070e800000| Untracked 
| 117|0x000000070ea00000, 0x000000070ec00000, 0x000000070ec00000|100%| O|  |TAMS 0x000000070ea00000| PB 0x000000070ea00000| Untracked 
| 118|0x000000070ec00000, 0x000000070ec00000, 0x000000070ee00000|  0%| F|  |TAMS 0x000000070ec00000| PB 0x000000070ec00000| Untracked 
| 119|0x000000070ee00000, 0x000000070f000000, 0x000000070f000000|100%| O|  |TAMS 0x000000070ee00000| PB 0x000000070ee00000| Untracked 
| 120|0x000000070f000000, 0x000000070f200000, 0x000000070f200000|100%| O|  |TAMS 0x000000070f000000| PB 0x000000070f000000| Untracked 
| 121|0x000000070f200000, 0x000000070f400000, 0x000000070f400000|100%| O|  |TAMS 0x000000070f200000| PB 0x000000070f200000| Untracked 
| 122|0x000000070f400000, 0x000000070f600000, 0x000000070f600000|100%| O|  |TAMS 0x000000070f400000| PB 0x000000070f400000| Untracked 
| 123|0x000000070f600000, 0x000000070f600000, 0x000000070f800000|  0%| F|  |TAMS 0x000000070f600000| PB 0x000000070f600000| Untracked 
| 124|0x000000070f800000, 0x000000070fa00000, 0x000000070fa00000|100%| O|  |TAMS 0x000000070f800000| PB 0x000000070f800000| Untracked 
| 125|0x000000070fa00000, 0x000000070fa00000, 0x000000070fc00000|  0%| F|  |TAMS 0x000000070fa00000| PB 0x000000070fa00000| Untracked 
| 126|0x000000070fc00000, 0x000000070fe00000, 0x000000070fe00000|100%| O|  |TAMS 0x000000070fc00000| PB 0x000000070fc00000| Untracked 
| 127|0x000000070fe00000, 0x0000000710000000, 0x0000000710000000|100%| O|  |TAMS 0x000000070fe00000| PB 0x000000070fe00000| Untracked 
| 128|0x0000000710000000, 0x0000000710200000, 0x0000000710200000|100%| O|  |TAMS 0x0000000710000000| PB 0x0000000710000000| Untracked 
| 129|0x0000000710200000, 0x0000000710400000, 0x0000000710400000|100%| O|  |TAMS 0x0000000710200000| PB 0x0000000710200000| Untracked 
| 130|0x0000000710400000, 0x0000000710400000, 0x0000000710600000|  0%| F|  |TAMS 0x0000000710400000| PB 0x0000000710400000| Untracked 
| 131|0x0000000710600000, 0x0000000710600000, 0x0000000710800000|  0%| F|  |TAMS 0x0000000710600000| PB 0x0000000710600000| Untracked 
| 132|0x0000000710800000, 0x0000000710800000, 0x0000000710a00000|  0%| F|  |TAMS 0x0000000710800000| PB 0x0000000710800000| Untracked 
| 133|0x0000000710a00000, 0x0000000710a00000, 0x0000000710c00000|  0%| F|  |TAMS 0x0000000710a00000| PB 0x0000000710a00000| Untracked 
| 134|0x0000000710c00000, 0x0000000710c00000, 0x0000000710e00000|  0%| F|  |TAMS 0x0000000710c00000| PB 0x0000000710c00000| Untracked 
| 135|0x0000000710e00000, 0x0000000710e00000, 0x0000000711000000|  0%| F|  |TAMS 0x0000000710e00000| PB 0x0000000710e00000| Untracked 
| 136|0x0000000711000000, 0x0000000711000000, 0x0000000711200000|  0%| F|  |TAMS 0x0000000711000000| PB 0x0000000711000000| Untracked 
| 137|0x0000000711200000, 0x0000000711400000, 0x0000000711400000|100%| O|  |TAMS 0x0000000711200000| PB 0x0000000711200000| Untracked 
| 138|0x0000000711400000, 0x0000000711400000, 0x0000000711600000|  0%| F|  |TAMS 0x0000000711400000| PB 0x0000000711400000| Untracked 
| 139|0x0000000711600000, 0x0000000711800000, 0x0000000711800000|100%| O|  |TAMS 0x0000000711600000| PB 0x0000000711600000| Untracked 
| 140|0x0000000711800000, 0x0000000711800000, 0x0000000711a00000|  0%| F|  |TAMS 0x0000000711800000| PB 0x0000000711800000| Untracked 
| 141|0x0000000711a00000, 0x0000000711a00000, 0x0000000711c00000|  0%| F|  |TAMS 0x0000000711a00000| PB 0x0000000711a00000| Untracked 
| 142|0x0000000711c00000, 0x0000000711e00000, 0x0000000711e00000|100%| O|  |TAMS 0x0000000711c00000| PB 0x0000000711c00000| Untracked 
| 143|0x0000000711e00000, 0x0000000712000000, 0x0000000712000000|100%| O|  |TAMS 0x0000000711e00000| PB 0x0000000711e00000| Untracked 
| 144|0x0000000712000000, 0x0000000712000000, 0x0000000712200000|  0%| F|  |TAMS 0x0000000712000000| PB 0x0000000712000000| Untracked 
| 145|0x0000000712200000, 0x0000000712200000, 0x0000000712400000|  0%| F|  |TAMS 0x0000000712200000| PB 0x0000000712200000| Untracked 
| 146|0x0000000712400000, 0x0000000712400000, 0x0000000712600000|  0%| F|  |TAMS 0x0000000712400000| PB 0x0000000712400000| Untracked 
| 147|0x0000000712600000, 0x0000000712600000, 0x0000000712800000|  0%| F|  |TAMS 0x0000000712600000| PB 0x0000000712600000| Untracked 
| 148|0x0000000712800000, 0x0000000712800000, 0x0000000712a00000|  0%| F|  |TAMS 0x0000000712800000| PB 0x0000000712800000| Untracked 
| 149|0x0000000712a00000, 0x0000000712a00000, 0x0000000712c00000|  0%| F|  |TAMS 0x0000000712a00000| PB 0x0000000712a00000| Untracked 
| 150|0x0000000712c00000, 0x0000000712c00000, 0x0000000712e00000|  0%| F|  |TAMS 0x0000000712c00000| PB 0x0000000712c00000| Untracked 
| 151|0x0000000712e00000, 0x0000000712e00000, 0x0000000713000000|  0%| F|  |TAMS 0x0000000712e00000| PB 0x0000000712e00000| Untracked 
| 152|0x0000000713000000, 0x0000000713000000, 0x0000000713200000|  0%| F|  |TAMS 0x0000000713000000| PB 0x0000000713000000| Untracked 
| 153|0x0000000713200000, 0x0000000713200000, 0x0000000713400000|  0%| F|  |TAMS 0x0000000713200000| PB 0x0000000713200000| Untracked 
| 154|0x0000000713400000, 0x0000000713600000, 0x0000000713600000|100%| O|  |TAMS 0x0000000713400000| PB 0x0000000713400000| Untracked 
| 155|0x0000000713600000, 0x0000000713800000, 0x0000000713800000|100%| O|  |TAMS 0x0000000713600000| PB 0x0000000713600000| Untracked 
| 156|0x0000000713800000, 0x0000000713a00000, 0x0000000713a00000|100%| O|  |TAMS 0x0000000713800000| PB 0x0000000713800000| Untracked 
| 157|0x0000000713a00000, 0x0000000713c00000, 0x0000000713c00000|100%| O|  |TAMS 0x0000000713a00000| PB 0x0000000713a00000| Untracked 
| 158|0x0000000713c00000, 0x0000000713c00000, 0x0000000713e00000|  0%| F|  |TAMS 0x0000000713c00000| PB 0x0000000713c00000| Untracked 
| 159|0x0000000713e00000, 0x0000000714000000, 0x0000000714000000|100%| O|  |TAMS 0x0000000713e00000| PB 0x0000000713e00000| Untracked 
| 160|0x0000000714000000, 0x0000000714200000, 0x0000000714200000|100%| O|  |TAMS 0x0000000714000000| PB 0x0000000714000000| Untracked 
| 161|0x0000000714200000, 0x0000000714400000, 0x0000000714400000|100%| O|  |TAMS 0x0000000714200000| PB 0x0000000714200000| Untracked 
| 162|0x0000000714400000, 0x0000000714400000, 0x0000000714600000|  0%| F|  |TAMS 0x0000000714400000| PB 0x0000000714400000| Untracked 
| 163|0x0000000714600000, 0x0000000714800000, 0x0000000714800000|100%| O|  |TAMS 0x0000000714600000| PB 0x0000000714600000| Untracked 
| 164|0x0000000714800000, 0x0000000714800000, 0x0000000714a00000|  0%| F|  |TAMS 0x0000000714800000| PB 0x0000000714800000| Untracked 
| 165|0x0000000714a00000, 0x0000000714a00000, 0x0000000714c00000|  0%| F|  |TAMS 0x0000000714a00000| PB 0x0000000714a00000| Untracked 
| 166|0x0000000714c00000, 0x0000000714e00000, 0x0000000714e00000|100%| O|  |TAMS 0x0000000714c00000| PB 0x0000000714c00000| Untracked 
| 167|0x0000000714e00000, 0x0000000715000000, 0x0000000715000000|100%| O|  |TAMS 0x0000000714e00000| PB 0x0000000714e00000| Untracked 
| 168|0x0000000715000000, 0x0000000715000000, 0x0000000715200000|  0%| F|  |TAMS 0x0000000715000000| PB 0x0000000715000000| Untracked 
| 169|0x0000000715200000, 0x0000000715200000, 0x0000000715400000|  0%| F|  |TAMS 0x0000000715200000| PB 0x0000000715200000| Untracked 
| 170|0x0000000715400000, 0x0000000715400000, 0x0000000715600000|  0%| F|  |TAMS 0x0000000715400000| PB 0x0000000715400000| Untracked 
| 171|0x0000000715600000, 0x0000000715600000, 0x0000000715800000|  0%| F|  |TAMS 0x0000000715600000| PB 0x0000000715600000| Untracked 
| 172|0x0000000715800000, 0x0000000715800000, 0x0000000715a00000|  0%| F|  |TAMS 0x0000000715800000| PB 0x0000000715800000| Untracked 
| 173|0x0000000715a00000, 0x0000000715a00000, 0x0000000715c00000|  0%| F|  |TAMS 0x0000000715a00000| PB 0x0000000715a00000| Untracked 
| 174|0x0000000715c00000, 0x0000000715e00000, 0x0000000715e00000|100%| O|  |TAMS 0x0000000715c00000| PB 0x0000000715c00000| Untracked 
| 175|0x0000000715e00000, 0x0000000716000000, 0x0000000716000000|100%| O|  |TAMS 0x0000000715e00000| PB 0x0000000715e00000| Untracked 
| 176|0x0000000716000000, 0x0000000716000000, 0x0000000716200000|  0%| F|  |TAMS 0x0000000716000000| PB 0x0000000716000000| Untracked 
| 177|0x0000000716200000, 0x0000000716200000, 0x0000000716400000|  0%| F|  |TAMS 0x0000000716200000| PB 0x0000000716200000| Untracked 
| 178|0x0000000716400000, 0x0000000716400000, 0x0000000716600000|  0%| F|  |TAMS 0x0000000716400000| PB 0x0000000716400000| Untracked 
| 179|0x0000000716600000, 0x0000000716600000, 0x0000000716800000|  0%| F|  |TAMS 0x0000000716600000| PB 0x0000000716600000| Untracked 
| 180|0x0000000716800000, 0x0000000716800000, 0x0000000716a00000|  0%| F|  |TAMS 0x0000000716800000| PB 0x0000000716800000| Untracked 
| 181|0x0000000716a00000, 0x0000000716a00000, 0x0000000716c00000|  0%| F|  |TAMS 0x0000000716a00000| PB 0x0000000716a00000| Untracked 
| 182|0x0000000716c00000, 0x0000000716c00000, 0x0000000716e00000|  0%| F|  |TAMS 0x0000000716c00000| PB 0x0000000716c00000| Untracked 
| 183|0x0000000716e00000, 0x0000000716e00000, 0x0000000717000000|  0%| F|  |TAMS 0x0000000716e00000| PB 0x0000000716e00000| Untracked 
| 184|0x0000000717000000, 0x0000000717000000, 0x0000000717200000|  0%| F|  |TAMS 0x0000000717000000| PB 0x0000000717000000| Untracked 
| 185|0x0000000717200000, 0x0000000717400000, 0x0000000717400000|100%| S|CS|TAMS 0x0000000717200000| PB 0x0000000717200000| Complete 
| 186|0x0000000717400000, 0x0000000717600000, 0x0000000717600000|100%| S|CS|TAMS 0x0000000717400000| PB 0x0000000717400000| Complete 
| 187|0x0000000717600000, 0x0000000717800000, 0x0000000717800000|100%| S|CS|TAMS 0x0000000717600000| PB 0x0000000717600000| Complete 
| 188|0x0000000717800000, 0x0000000717a00000, 0x0000000717a00000|100%| S|CS|TAMS 0x0000000717800000| PB 0x0000000717800000| Complete 
| 189|0x0000000717a00000, 0x0000000717c00000, 0x0000000717c00000|100%| S|CS|TAMS 0x0000000717a00000| PB 0x0000000717a00000| Complete 
| 190|0x0000000717c00000, 0x0000000717c00000, 0x0000000717e00000|  0%| F|  |TAMS 0x0000000717c00000| PB 0x0000000717c00000| Untracked 
| 191|0x0000000717e00000, 0x0000000717e00000, 0x0000000718000000|  0%| F|  |TAMS 0x0000000717e00000| PB 0x0000000717e00000| Untracked 
| 192|0x0000000718000000, 0x0000000718000000, 0x0000000718200000|  0%| F|  |TAMS 0x0000000718000000| PB 0x0000000718000000| Untracked 
| 193|0x0000000718200000, 0x0000000718200000, 0x0000000718400000|  0%| F|  |TAMS 0x0000000718200000| PB 0x0000000718200000| Untracked 
| 194|0x0000000718400000, 0x0000000718400000, 0x0000000718600000|  0%| F|  |TAMS 0x0000000718400000| PB 0x0000000718400000| Untracked 
| 195|0x0000000718600000, 0x0000000718600000, 0x0000000718800000|  0%| F|  |TAMS 0x0000000718600000| PB 0x0000000718600000| Untracked 
| 196|0x0000000718800000, 0x0000000718800000, 0x0000000718a00000|  0%| F|  |TAMS 0x0000000718800000| PB 0x0000000718800000| Untracked 
| 197|0x0000000718a00000, 0x0000000718a00000, 0x0000000718c00000|  0%| F|  |TAMS 0x0000000718a00000| PB 0x0000000718a00000| Untracked 
| 198|0x0000000718c00000, 0x0000000718c00000, 0x0000000718e00000|  0%| F|  |TAMS 0x0000000718c00000| PB 0x0000000718c00000| Untracked 
| 199|0x0000000718e00000, 0x0000000718e00000, 0x0000000719000000|  0%| F|  |TAMS 0x0000000718e00000| PB 0x0000000718e00000| Untracked 
| 200|0x0000000719000000, 0x0000000719000000, 0x0000000719200000|  0%| F|  |TAMS 0x0000000719000000| PB 0x0000000719000000| Untracked 
| 201|0x0000000719200000, 0x0000000719200000, 0x0000000719400000|  0%| F|  |TAMS 0x0000000719200000| PB 0x0000000719200000| Untracked 
| 202|0x0000000719400000, 0x0000000719400000, 0x0000000719600000|  0%| F|  |TAMS 0x0000000719400000| PB 0x0000000719400000| Untracked 
| 203|0x0000000719600000, 0x0000000719600000, 0x0000000719800000|  0%| F|  |TAMS 0x0000000719600000| PB 0x0000000719600000| Untracked 
| 204|0x0000000719800000, 0x0000000719800000, 0x0000000719a00000|  0%| F|  |TAMS 0x0000000719800000| PB 0x0000000719800000| Untracked 
| 205|0x0000000719a00000, 0x0000000719c00000, 0x0000000719c00000|100%| S|CS|TAMS 0x0000000719a00000| PB 0x0000000719a00000| Complete 
| 206|0x0000000719c00000, 0x0000000719c00000, 0x0000000719e00000|  0%| F|  |TAMS 0x0000000719c00000| PB 0x0000000719c00000| Untracked 
| 207|0x0000000719e00000, 0x000000071a000000, 0x000000071a000000|100%| S|CS|TAMS 0x0000000719e00000| PB 0x0000000719e00000| Complete 
| 208|0x000000071a000000, 0x000000071a200000, 0x000000071a200000|100%| S|CS|TAMS 0x000000071a000000| PB 0x000000071a000000| Complete 
| 209|0x000000071a200000, 0x000000071a400000, 0x000000071a400000|100%| S|CS|TAMS 0x000000071a200000| PB 0x000000071a200000| Complete 
| 210|0x000000071a400000, 0x000000071a600000, 0x000000071a600000|100%| S|CS|TAMS 0x000000071a400000| PB 0x000000071a400000| Complete 
| 211|0x000000071a600000, 0x000000071a800000, 0x000000071a800000|100%| S|CS|TAMS 0x000000071a600000| PB 0x000000071a600000| Complete 
| 212|0x000000071a800000, 0x000000071aa00000, 0x000000071aa00000|100%| S|CS|TAMS 0x000000071a800000| PB 0x000000071a800000| Complete 
| 213|0x000000071aa00000, 0x000000071ac00000, 0x000000071ac00000|100%| S|CS|TAMS 0x000000071aa00000| PB 0x000000071aa00000| Complete 
| 214|0x000000071ac00000, 0x000000071ae00000, 0x000000071ae00000|100%| S|CS|TAMS 0x000000071ac00000| PB 0x000000071ac00000| Complete 
| 215|0x000000071ae00000, 0x000000071b000000, 0x000000071b000000|100%| S|CS|TAMS 0x000000071ae00000| PB 0x000000071ae00000| Complete 
| 216|0x000000071b000000, 0x000000071b000000, 0x000000071b200000|  0%| F|  |TAMS 0x000000071b000000| PB 0x000000071b000000| Untracked 
| 217|0x000000071b200000, 0x000000071b200000, 0x000000071b400000|  0%| F|  |TAMS 0x000000071b200000| PB 0x000000071b200000| Untracked 
| 218|0x000000071b400000, 0x000000071b600000, 0x000000071b600000|100%| S|CS|TAMS 0x000000071b400000| PB 0x000000071b400000| Complete 
| 219|0x000000071b600000, 0x000000071b800000, 0x000000071b800000|100%| S|CS|TAMS 0x000000071b600000| PB 0x000000071b600000| Complete 
| 220|0x000000071b800000, 0x000000071ba00000, 0x000000071ba00000|100%| S|CS|TAMS 0x000000071b800000| PB 0x000000071b800000| Complete 
| 221|0x000000071ba00000, 0x000000071bc00000, 0x000000071bc00000|100%| S|CS|TAMS 0x000000071ba00000| PB 0x000000071ba00000| Complete 
| 222|0x000000071bc00000, 0x000000071be00000, 0x000000071be00000|100%| S|CS|TAMS 0x000000071bc00000| PB 0x000000071bc00000| Complete 
| 223|0x000000071be00000, 0x000000071c000000, 0x000000071c000000|100%| S|CS|TAMS 0x000000071be00000| PB 0x000000071be00000| Complete 
| 224|0x000000071c000000, 0x000000071c200000, 0x000000071c200000|100%| S|CS|TAMS 0x000000071c000000| PB 0x000000071c000000| Complete 
| 225|0x000000071c200000, 0x000000071c400000, 0x000000071c400000|100%| S|CS|TAMS 0x000000071c200000| PB 0x000000071c200000| Complete 
| 226|0x000000071c400000, 0x000000071c400000, 0x000000071c600000|  0%| F|  |TAMS 0x000000071c400000| PB 0x000000071c400000| Untracked 
| 227|0x000000071c600000, 0x000000071c600000, 0x000000071c800000|  0%| F|  |TAMS 0x000000071c600000| PB 0x000000071c600000| Untracked 
| 228|0x000000071c800000, 0x000000071c800000, 0x000000071ca00000|  0%| F|  |TAMS 0x000000071c800000| PB 0x000000071c800000| Untracked 
| 229|0x000000071ca00000, 0x000000071ca00000, 0x000000071cc00000|  0%| F|  |TAMS 0x000000071ca00000| PB 0x000000071ca00000| Untracked 
| 230|0x000000071cc00000, 0x000000071cc00000, 0x000000071ce00000|  0%| F|  |TAMS 0x000000071cc00000| PB 0x000000071cc00000| Untracked 
| 231|0x000000071ce00000, 0x000000071ce00000, 0x000000071d000000|  0%| F|  |TAMS 0x000000071ce00000| PB 0x000000071ce00000| Untracked 
| 232|0x000000071d000000, 0x000000071d000000, 0x000000071d200000|  0%| F|  |TAMS 0x000000071d000000| PB 0x000000071d000000| Untracked 
| 233|0x000000071d200000, 0x000000071d200000, 0x000000071d400000|  0%| F|  |TAMS 0x000000071d200000| PB 0x000000071d200000| Untracked 
| 234|0x000000071d400000, 0x000000071d400000, 0x000000071d600000|  0%| F|  |TAMS 0x000000071d400000| PB 0x000000071d400000| Untracked 
| 235|0x000000071d600000, 0x000000071d600000, 0x000000071d800000|  0%| F|  |TAMS 0x000000071d600000| PB 0x000000071d600000| Untracked 
| 236|0x000000071d800000, 0x000000071d800000, 0x000000071da00000|  0%| F|  |TAMS 0x000000071d800000| PB 0x000000071d800000| Untracked 
| 237|0x000000071da00000, 0x000000071da00000, 0x000000071dc00000|  0%| F|  |TAMS 0x000000071da00000| PB 0x000000071da00000| Untracked 
| 238|0x000000071dc00000, 0x000000071dc00000, 0x000000071de00000|  0%| F|  |TAMS 0x000000071dc00000| PB 0x000000071dc00000| Untracked 
| 239|0x000000071de00000, 0x000000071de00000, 0x000000071e000000|  0%| F|  |TAMS 0x000000071de00000| PB 0x000000071de00000| Untracked 
| 240|0x000000071e000000, 0x000000071e000000, 0x000000071e200000|  0%| F|  |TAMS 0x000000071e000000| PB 0x000000071e000000| Untracked 
| 241|0x000000071e200000, 0x000000071e200000, 0x000000071e400000|  0%| F|  |TAMS 0x000000071e200000| PB 0x000000071e200000| Untracked 
| 242|0x000000071e400000, 0x000000071e400000, 0x000000071e600000|  0%| F|  |TAMS 0x000000071e400000| PB 0x000000071e400000| Untracked 
| 243|0x000000071e600000, 0x000000071e600000, 0x000000071e800000|  0%| F|  |TAMS 0x000000071e600000| PB 0x000000071e600000| Untracked 
| 244|0x000000071e800000, 0x000000071e800000, 0x000000071ea00000|  0%| F|  |TAMS 0x000000071e800000| PB 0x000000071e800000| Untracked 
| 245|0x000000071ea00000, 0x000000071ea00000, 0x000000071ec00000|  0%| F|  |TAMS 0x000000071ea00000| PB 0x000000071ea00000| Untracked 
| 246|0x000000071ec00000, 0x000000071ec00000, 0x000000071ee00000|  0%| F|  |TAMS 0x000000071ec00000| PB 0x000000071ec00000| Untracked 
| 247|0x000000071ee00000, 0x000000071ee00000, 0x000000071f000000|  0%| F|  |TAMS 0x000000071ee00000| PB 0x000000071ee00000| Untracked 
| 248|0x000000071f000000, 0x000000071f000000, 0x000000071f200000|  0%| F|  |TAMS 0x000000071f000000| PB 0x000000071f000000| Untracked 
| 249|0x000000071f200000, 0x000000071f200000, 0x000000071f400000|  0%| F|  |TAMS 0x000000071f200000| PB 0x000000071f200000| Untracked 
| 250|0x000000071f400000, 0x000000071f400000, 0x000000071f600000|  0%| F|  |TAMS 0x000000071f400000| PB 0x000000071f400000| Untracked 
| 251|0x000000071f600000, 0x000000071f600000, 0x000000071f800000|  0%| F|  |TAMS 0x000000071f600000| PB 0x000000071f600000| Untracked 
| 252|0x000000071f800000, 0x000000071f800000, 0x000000071fa00000|  0%| F|  |TAMS 0x000000071f800000| PB 0x000000071f800000| Untracked 
| 253|0x000000071fa00000, 0x000000071fa00000, 0x000000071fc00000|  0%| F|  |TAMS 0x000000071fa00000| PB 0x000000071fa00000| Untracked 
| 254|0x000000071fc00000, 0x000000071fc00000, 0x000000071fe00000|  0%| F|  |TAMS 0x000000071fc00000| PB 0x000000071fc00000| Untracked 
| 255|0x000000071fe00000, 0x000000071fe00000, 0x0000000720000000|  0%| F|  |TAMS 0x000000071fe00000| PB 0x000000071fe00000| Untracked 
| 256|0x0000000720000000, 0x0000000720000000, 0x0000000720200000|  0%| F|  |TAMS 0x0000000720000000| PB 0x0000000720000000| Untracked 
| 257|0x0000000720200000, 0x0000000720200000, 0x0000000720400000|  0%| F|  |TAMS 0x0000000720200000| PB 0x0000000720200000| Untracked 
| 258|0x0000000720400000, 0x0000000720400000, 0x0000000720600000|  0%| F|  |TAMS 0x0000000720400000| PB 0x0000000720400000| Untracked 
| 259|0x0000000720600000, 0x0000000720600000, 0x0000000720800000|  0%| F|  |TAMS 0x0000000720600000| PB 0x0000000720600000| Untracked 
| 260|0x0000000720800000, 0x0000000720800000, 0x0000000720a00000|  0%| F|  |TAMS 0x0000000720800000| PB 0x0000000720800000| Untracked 
| 261|0x0000000720a00000, 0x0000000720a00000, 0x0000000720c00000|  0%| F|  |TAMS 0x0000000720a00000| PB 0x0000000720a00000| Untracked 
| 262|0x0000000720c00000, 0x0000000720c00000, 0x0000000720e00000|  0%| F|  |TAMS 0x0000000720c00000| PB 0x0000000720c00000| Untracked 
| 263|0x0000000720e00000, 0x0000000720e00000, 0x0000000721000000|  0%| F|  |TAMS 0x0000000720e00000| PB 0x0000000720e00000| Untracked 
| 264|0x0000000721000000, 0x0000000721000000, 0x0000000721200000|  0%| F|  |TAMS 0x0000000721000000| PB 0x0000000721000000| Untracked 
| 265|0x0000000721200000, 0x0000000721200000, 0x0000000721400000|  0%| F|  |TAMS 0x0000000721200000| PB 0x0000000721200000| Untracked 
| 266|0x0000000721400000, 0x0000000721400000, 0x0000000721600000|  0%| F|  |TAMS 0x0000000721400000| PB 0x0000000721400000| Untracked 
| 267|0x0000000721600000, 0x0000000721600000, 0x0000000721800000|  0%| F|  |TAMS 0x0000000721600000| PB 0x0000000721600000| Untracked 
| 268|0x0000000721800000, 0x0000000721800000, 0x0000000721a00000|  0%| F|  |TAMS 0x0000000721800000| PB 0x0000000721800000| Untracked 
| 269|0x0000000721a00000, 0x0000000721a00000, 0x0000000721c00000|  0%| F|  |TAMS 0x0000000721a00000| PB 0x0000000721a00000| Untracked 
| 270|0x0000000721c00000, 0x0000000721c00000, 0x0000000721e00000|  0%| F|  |TAMS 0x0000000721c00000| PB 0x0000000721c00000| Untracked 
| 271|0x0000000721e00000, 0x0000000721e00000, 0x0000000722000000|  0%| F|  |TAMS 0x0000000721e00000| PB 0x0000000721e00000| Untracked 
| 272|0x0000000722000000, 0x0000000722000000, 0x0000000722200000|  0%| F|  |TAMS 0x0000000722000000| PB 0x0000000722000000| Untracked 
| 273|0x0000000722200000, 0x0000000722200000, 0x0000000722400000|  0%| F|  |TAMS 0x0000000722200000| PB 0x0000000722200000| Untracked 
| 274|0x0000000722400000, 0x0000000722400000, 0x0000000722600000|  0%| F|  |TAMS 0x0000000722400000| PB 0x0000000722400000| Untracked 
| 275|0x0000000722600000, 0x0000000722600000, 0x0000000722800000|  0%| F|  |TAMS 0x0000000722600000| PB 0x0000000722600000| Untracked 
| 276|0x0000000722800000, 0x0000000722800000, 0x0000000722a00000|  0%| F|  |TAMS 0x0000000722800000| PB 0x0000000722800000| Untracked 
| 277|0x0000000722a00000, 0x0000000722a00000, 0x0000000722c00000|  0%| F|  |TAMS 0x0000000722a00000| PB 0x0000000722a00000| Untracked 
| 278|0x0000000722c00000, 0x0000000722c00000, 0x0000000722e00000|  0%| F|  |TAMS 0x0000000722c00000| PB 0x0000000722c00000| Untracked 
| 279|0x0000000722e00000, 0x0000000722e00000, 0x0000000723000000|  0%| F|  |TAMS 0x0000000722e00000| PB 0x0000000722e00000| Untracked 
| 280|0x0000000723000000, 0x0000000723000000, 0x0000000723200000|  0%| F|  |TAMS 0x0000000723000000| PB 0x0000000723000000| Untracked 
| 281|0x0000000723200000, 0x0000000723200000, 0x0000000723400000|  0%| F|  |TAMS 0x0000000723200000| PB 0x0000000723200000| Untracked 
| 282|0x0000000723400000, 0x0000000723400000, 0x0000000723600000|  0%| F|  |TAMS 0x0000000723400000| PB 0x0000000723400000| Untracked 
| 283|0x0000000723600000, 0x0000000723600000, 0x0000000723800000|  0%| F|  |TAMS 0x0000000723600000| PB 0x0000000723600000| Untracked 
| 284|0x0000000723800000, 0x0000000723800000, 0x0000000723a00000|  0%| F|  |TAMS 0x0000000723800000| PB 0x0000000723800000| Untracked 
| 285|0x0000000723a00000, 0x0000000723a00000, 0x0000000723c00000|  0%| F|  |TAMS 0x0000000723a00000| PB 0x0000000723a00000| Untracked 
| 286|0x0000000723c00000, 0x0000000723c00000, 0x0000000723e00000|  0%| F|  |TAMS 0x0000000723c00000| PB 0x0000000723c00000| Untracked 
| 287|0x0000000723e00000, 0x0000000723e00000, 0x0000000724000000|  0%| F|  |TAMS 0x0000000723e00000| PB 0x0000000723e00000| Untracked 
| 288|0x0000000724000000, 0x0000000724000000, 0x0000000724200000|  0%| F|  |TAMS 0x0000000724000000| PB 0x0000000724000000| Untracked 
| 289|0x0000000724200000, 0x0000000724200000, 0x0000000724400000|  0%| F|  |TAMS 0x0000000724200000| PB 0x0000000724200000| Untracked 
| 290|0x0000000724400000, 0x0000000724400000, 0x0000000724600000|  0%| F|  |TAMS 0x0000000724400000| PB 0x0000000724400000| Untracked 
| 291|0x0000000724600000, 0x0000000724600000, 0x0000000724800000|  0%| F|  |TAMS 0x0000000724600000| PB 0x0000000724600000| Untracked 
| 292|0x0000000724800000, 0x0000000724800000, 0x0000000724a00000|  0%| F|  |TAMS 0x0000000724800000| PB 0x0000000724800000| Untracked 
| 293|0x0000000724a00000, 0x0000000724a00000, 0x0000000724c00000|  0%| F|  |TAMS 0x0000000724a00000| PB 0x0000000724a00000| Untracked 
| 294|0x0000000724c00000, 0x0000000724c00000, 0x0000000724e00000|  0%| F|  |TAMS 0x0000000724c00000| PB 0x0000000724c00000| Untracked 
| 295|0x0000000724e00000, 0x0000000724e00000, 0x0000000725000000|  0%| F|  |TAMS 0x0000000724e00000| PB 0x0000000724e00000| Untracked 
| 296|0x0000000725000000, 0x0000000725000000, 0x0000000725200000|  0%| F|  |TAMS 0x0000000725000000| PB 0x0000000725000000| Untracked 
| 297|0x0000000725200000, 0x0000000725200000, 0x0000000725400000|  0%| F|  |TAMS 0x0000000725200000| PB 0x0000000725200000| Untracked 
| 298|0x0000000725400000, 0x0000000725400000, 0x0000000725600000|  0%| F|  |TAMS 0x0000000725400000| PB 0x0000000725400000| Untracked 
| 299|0x0000000725600000, 0x0000000725600000, 0x0000000725800000|  0%| F|  |TAMS 0x0000000725600000| PB 0x0000000725600000| Untracked 
| 300|0x0000000725800000, 0x0000000725800000, 0x0000000725a00000|  0%| F|  |TAMS 0x0000000725800000| PB 0x0000000725800000| Untracked 
| 301|0x0000000725a00000, 0x0000000725a00000, 0x0000000725c00000|  0%| F|  |TAMS 0x0000000725a00000| PB 0x0000000725a00000| Untracked 
| 302|0x0000000725c00000, 0x0000000725c00000, 0x0000000725e00000|  0%| F|  |TAMS 0x0000000725c00000| PB 0x0000000725c00000| Untracked 
| 303|0x0000000725e00000, 0x0000000725e00000, 0x0000000726000000|  0%| F|  |TAMS 0x0000000725e00000| PB 0x0000000725e00000| Untracked 
| 304|0x0000000726000000, 0x0000000726000000, 0x0000000726200000|  0%| F|  |TAMS 0x0000000726000000| PB 0x0000000726000000| Untracked 
| 305|0x0000000726200000, 0x0000000726200000, 0x0000000726400000|  0%| F|  |TAMS 0x0000000726200000| PB 0x0000000726200000| Untracked 
| 306|0x0000000726400000, 0x0000000726400000, 0x0000000726600000|  0%| F|  |TAMS 0x0000000726400000| PB 0x0000000726400000| Untracked 
| 307|0x0000000726600000, 0x0000000726600000, 0x0000000726800000|  0%| F|  |TAMS 0x0000000726600000| PB 0x0000000726600000| Untracked 
| 308|0x0000000726800000, 0x0000000726800000, 0x0000000726a00000|  0%| F|  |TAMS 0x0000000726800000| PB 0x0000000726800000| Untracked 
| 309|0x0000000726a00000, 0x0000000726a00000, 0x0000000726c00000|  0%| F|  |TAMS 0x0000000726a00000| PB 0x0000000726a00000| Untracked 
| 310|0x0000000726c00000, 0x0000000726c00000, 0x0000000726e00000|  0%| F|  |TAMS 0x0000000726c00000| PB 0x0000000726c00000| Untracked 
| 311|0x0000000726e00000, 0x0000000726e00000, 0x0000000727000000|  0%| F|  |TAMS 0x0000000726e00000| PB 0x0000000726e00000| Untracked 
| 312|0x0000000727000000, 0x0000000727000000, 0x0000000727200000|  0%| F|  |TAMS 0x0000000727000000| PB 0x0000000727000000| Untracked 
| 313|0x0000000727200000, 0x0000000727200000, 0x0000000727400000|  0%| F|  |TAMS 0x0000000727200000| PB 0x0000000727200000| Untracked 
| 314|0x0000000727400000, 0x0000000727400000, 0x0000000727600000|  0%| F|  |TAMS 0x0000000727400000| PB 0x0000000727400000| Untracked 
| 315|0x0000000727600000, 0x0000000727600000, 0x0000000727800000|  0%| F|  |TAMS 0x0000000727600000| PB 0x0000000727600000| Untracked 
| 316|0x0000000727800000, 0x0000000727800000, 0x0000000727a00000|  0%| F|  |TAMS 0x0000000727800000| PB 0x0000000727800000| Untracked 
| 317|0x0000000727a00000, 0x0000000727a00000, 0x0000000727c00000|  0%| F|  |TAMS 0x0000000727a00000| PB 0x0000000727a00000| Untracked 
| 318|0x0000000727c00000, 0x0000000727c00000, 0x0000000727e00000|  0%| F|  |TAMS 0x0000000727c00000| PB 0x0000000727c00000| Untracked 
| 319|0x0000000727e00000, 0x0000000727e00000, 0x0000000728000000|  0%| F|  |TAMS 0x0000000727e00000| PB 0x0000000727e00000| Untracked 
| 320|0x0000000728000000, 0x0000000728000000, 0x0000000728200000|  0%| F|  |TAMS 0x0000000728000000| PB 0x0000000728000000| Untracked 
| 321|0x0000000728200000, 0x0000000728200000, 0x0000000728400000|  0%| F|  |TAMS 0x0000000728200000| PB 0x0000000728200000| Untracked 
| 322|0x0000000728400000, 0x0000000728400000, 0x0000000728600000|  0%| F|  |TAMS 0x0000000728400000| PB 0x0000000728400000| Untracked 
| 323|0x0000000728600000, 0x0000000728600000, 0x0000000728800000|  0%| F|  |TAMS 0x0000000728600000| PB 0x0000000728600000| Untracked 
| 324|0x0000000728800000, 0x0000000728800000, 0x0000000728a00000|  0%| F|  |TAMS 0x0000000728800000| PB 0x0000000728800000| Untracked 
| 325|0x0000000728a00000, 0x0000000728a00000, 0x0000000728c00000|  0%| F|  |TAMS 0x0000000728a00000| PB 0x0000000728a00000| Untracked 
| 326|0x0000000728c00000, 0x0000000728c00000, 0x0000000728e00000|  0%| F|  |TAMS 0x0000000728c00000| PB 0x0000000728c00000| Untracked 
| 327|0x0000000728e00000, 0x0000000728e00000, 0x0000000729000000|  0%| F|  |TAMS 0x0000000728e00000| PB 0x0000000728e00000| Untracked 
| 328|0x0000000729000000, 0x0000000729000000, 0x0000000729200000|  0%| F|  |TAMS 0x0000000729000000| PB 0x0000000729000000| Untracked 
| 329|0x0000000729200000, 0x0000000729200000, 0x0000000729400000|  0%| F|  |TAMS 0x0000000729200000| PB 0x0000000729200000| Untracked 
| 330|0x0000000729400000, 0x0000000729400000, 0x0000000729600000|  0%| F|  |TAMS 0x0000000729400000| PB 0x0000000729400000| Untracked 
| 331|0x0000000729600000, 0x0000000729600000, 0x0000000729800000|  0%| F|  |TAMS 0x0000000729600000| PB 0x0000000729600000| Untracked 
| 332|0x0000000729800000, 0x0000000729800000, 0x0000000729a00000|  0%| F|  |TAMS 0x0000000729800000| PB 0x0000000729800000| Untracked 
| 333|0x0000000729a00000, 0x0000000729a00000, 0x0000000729c00000|  0%| F|  |TAMS 0x0000000729a00000| PB 0x0000000729a00000| Untracked 
| 334|0x0000000729c00000, 0x0000000729c00000, 0x0000000729e00000|  0%| F|  |TAMS 0x0000000729c00000| PB 0x0000000729c00000| Untracked 
| 335|0x0000000729e00000, 0x0000000729e00000, 0x000000072a000000|  0%| F|  |TAMS 0x0000000729e00000| PB 0x0000000729e00000| Untracked 
| 336|0x000000072a000000, 0x000000072a000000, 0x000000072a200000|  0%| F|  |TAMS 0x000000072a000000| PB 0x000000072a000000| Untracked 
| 337|0x000000072a200000, 0x000000072a200000, 0x000000072a400000|  0%| F|  |TAMS 0x000000072a200000| PB 0x000000072a200000| Untracked 
| 338|0x000000072a400000, 0x000000072a400000, 0x000000072a600000|  0%| F|  |TAMS 0x000000072a400000| PB 0x000000072a400000| Untracked 
| 339|0x000000072a600000, 0x000000072a600000, 0x000000072a800000|  0%| F|  |TAMS 0x000000072a600000| PB 0x000000072a600000| Untracked 
| 340|0x000000072a800000, 0x000000072a800000, 0x000000072aa00000|  0%| F|  |TAMS 0x000000072a800000| PB 0x000000072a800000| Untracked 
| 341|0x000000072aa00000, 0x000000072aa00000, 0x000000072ac00000|  0%| F|  |TAMS 0x000000072aa00000| PB 0x000000072aa00000| Untracked 
| 342|0x000000072ac00000, 0x000000072ac00000, 0x000000072ae00000|  0%| F|  |TAMS 0x000000072ac00000| PB 0x000000072ac00000| Untracked 
| 343|0x000000072ae00000, 0x000000072ae00000, 0x000000072b000000|  0%| F|  |TAMS 0x000000072ae00000| PB 0x000000072ae00000| Untracked 
| 344|0x000000072b000000, 0x000000072b000000, 0x000000072b200000|  0%| F|  |TAMS 0x000000072b000000| PB 0x000000072b000000| Untracked 
| 345|0x000000072b200000, 0x000000072b200000, 0x000000072b400000|  0%| F|  |TAMS 0x000000072b200000| PB 0x000000072b200000| Untracked 
| 346|0x000000072b400000, 0x000000072b400000, 0x000000072b600000|  0%| F|  |TAMS 0x000000072b400000| PB 0x000000072b400000| Untracked 
| 347|0x000000072b600000, 0x000000072b600000, 0x000000072b800000|  0%| F|  |TAMS 0x000000072b600000| PB 0x000000072b600000| Untracked 
| 348|0x000000072b800000, 0x000000072b800000, 0x000000072ba00000|  0%| F|  |TAMS 0x000000072b800000| PB 0x000000072b800000| Untracked 
| 349|0x000000072ba00000, 0x000000072ba00000, 0x000000072bc00000|  0%| F|  |TAMS 0x000000072ba00000| PB 0x000000072ba00000| Untracked 
| 350|0x000000072bc00000, 0x000000072bc00000, 0x000000072be00000|  0%| F|  |TAMS 0x000000072bc00000| PB 0x000000072bc00000| Untracked 
| 351|0x000000072be00000, 0x000000072be00000, 0x000000072c000000|  0%| F|  |TAMS 0x000000072be00000| PB 0x000000072be00000| Untracked 
| 352|0x000000072c000000, 0x000000072c000000, 0x000000072c200000|  0%| F|  |TAMS 0x000000072c000000| PB 0x000000072c000000| Untracked 
| 353|0x000000072c200000, 0x000000072c200000, 0x000000072c400000|  0%| F|  |TAMS 0x000000072c200000| PB 0x000000072c200000| Untracked 
| 354|0x000000072c400000, 0x000000072c400000, 0x000000072c600000|  0%| F|  |TAMS 0x000000072c400000| PB 0x000000072c400000| Untracked 
| 355|0x000000072c600000, 0x000000072c600000, 0x000000072c800000|  0%| F|  |TAMS 0x000000072c600000| PB 0x000000072c600000| Untracked 
| 356|0x000000072c800000, 0x000000072c800000, 0x000000072ca00000|  0%| F|  |TAMS 0x000000072c800000| PB 0x000000072c800000| Untracked 
| 357|0x000000072ca00000, 0x000000072ca00000, 0x000000072cc00000|  0%| F|  |TAMS 0x000000072ca00000| PB 0x000000072ca00000| Untracked 
| 358|0x000000072cc00000, 0x000000072cc00000, 0x000000072ce00000|  0%| F|  |TAMS 0x000000072cc00000| PB 0x000000072cc00000| Untracked 
| 359|0x000000072ce00000, 0x000000072ce00000, 0x000000072d000000|  0%| F|  |TAMS 0x000000072ce00000| PB 0x000000072ce00000| Untracked 
| 360|0x000000072d000000, 0x000000072d000000, 0x000000072d200000|  0%| F|  |TAMS 0x000000072d000000| PB 0x000000072d000000| Untracked 
| 361|0x000000072d200000, 0x000000072d200000, 0x000000072d400000|  0%| F|  |TAMS 0x000000072d200000| PB 0x000000072d200000| Untracked 
| 362|0x000000072d400000, 0x000000072d400000, 0x000000072d600000|  0%| F|  |TAMS 0x000000072d400000| PB 0x000000072d400000| Untracked 
| 363|0x000000072d600000, 0x000000072d600000, 0x000000072d800000|  0%| F|  |TAMS 0x000000072d600000| PB 0x000000072d600000| Untracked 
| 364|0x000000072d800000, 0x000000072d800000, 0x000000072da00000|  0%| F|  |TAMS 0x000000072d800000| PB 0x000000072d800000| Untracked 
| 365|0x000000072da00000, 0x000000072da00000, 0x000000072dc00000|  0%| F|  |TAMS 0x000000072da00000| PB 0x000000072da00000| Untracked 
| 366|0x000000072dc00000, 0x000000072dc00000, 0x000000072de00000|  0%| F|  |TAMS 0x000000072dc00000| PB 0x000000072dc00000| Untracked 
| 367|0x000000072de00000, 0x000000072de00000, 0x000000072e000000|  0%| F|  |TAMS 0x000000072de00000| PB 0x000000072de00000| Untracked 
| 368|0x000000072e000000, 0x000000072e000000, 0x000000072e200000|  0%| F|  |TAMS 0x000000072e000000| PB 0x000000072e000000| Untracked 
| 369|0x000000072e200000, 0x000000072e200000, 0x000000072e400000|  0%| F|  |TAMS 0x000000072e200000| PB 0x000000072e200000| Untracked 
| 370|0x000000072e400000, 0x000000072e400000, 0x000000072e600000|  0%| F|  |TAMS 0x000000072e400000| PB 0x000000072e400000| Untracked 
| 371|0x000000072e600000, 0x000000072e600000, 0x000000072e800000|  0%| F|  |TAMS 0x000000072e600000| PB 0x000000072e600000| Untracked 
| 372|0x000000072e800000, 0x000000072e800000, 0x000000072ea00000|  0%| F|  |TAMS 0x000000072e800000| PB 0x000000072e800000| Untracked 
| 373|0x000000072ea00000, 0x000000072ea00000, 0x000000072ec00000|  0%| F|  |TAMS 0x000000072ea00000| PB 0x000000072ea00000| Untracked 
| 374|0x000000072ec00000, 0x000000072ec00000, 0x000000072ee00000|  0%| F|  |TAMS 0x000000072ec00000| PB 0x000000072ec00000| Untracked 
| 375|0x000000072ee00000, 0x000000072ee00000, 0x000000072f000000|  0%| F|  |TAMS 0x000000072ee00000| PB 0x000000072ee00000| Untracked 
| 376|0x000000072f000000, 0x000000072f000000, 0x000000072f200000|  0%| F|  |TAMS 0x000000072f000000| PB 0x000000072f000000| Untracked 
| 377|0x000000072f200000, 0x000000072f200000, 0x000000072f400000|  0%| F|  |TAMS 0x000000072f200000| PB 0x000000072f200000| Untracked 
| 378|0x000000072f400000, 0x000000072f400000, 0x000000072f600000|  0%| F|  |TAMS 0x000000072f400000| PB 0x000000072f400000| Untracked 
| 379|0x000000072f600000, 0x000000072f600000, 0x000000072f800000|  0%| F|  |TAMS 0x000000072f600000| PB 0x000000072f600000| Untracked 
| 380|0x000000072f800000, 0x000000072f800000, 0x000000072fa00000|  0%| F|  |TAMS 0x000000072f800000| PB 0x000000072f800000| Untracked 
| 381|0x000000072fa00000, 0x000000072fa00000, 0x000000072fc00000|  0%| F|  |TAMS 0x000000072fa00000| PB 0x000000072fa00000| Untracked 
| 382|0x000000072fc00000, 0x000000072fc00000, 0x000000072fe00000|  0%| F|  |TAMS 0x000000072fc00000| PB 0x000000072fc00000| Untracked 
| 383|0x000000072fe00000, 0x000000072fe00000, 0x0000000730000000|  0%| F|  |TAMS 0x000000072fe00000| PB 0x000000072fe00000| Untracked 
| 384|0x0000000730000000, 0x0000000730000000, 0x0000000730200000|  0%| F|  |TAMS 0x0000000730000000| PB 0x0000000730000000| Untracked 
| 385|0x0000000730200000, 0x0000000730200000, 0x0000000730400000|  0%| F|  |TAMS 0x0000000730200000| PB 0x0000000730200000| Untracked 
| 386|0x0000000730400000, 0x0000000730400000, 0x0000000730600000|  0%| F|  |TAMS 0x0000000730400000| PB 0x0000000730400000| Untracked 
| 387|0x0000000730600000, 0x0000000730600000, 0x0000000730800000|  0%| F|  |TAMS 0x0000000730600000| PB 0x0000000730600000| Untracked 
| 388|0x0000000730800000, 0x0000000730800000, 0x0000000730a00000|  0%| F|  |TAMS 0x0000000730800000| PB 0x0000000730800000| Untracked 
| 389|0x0000000730a00000, 0x0000000730a00000, 0x0000000730c00000|  0%| F|  |TAMS 0x0000000730a00000| PB 0x0000000730a00000| Untracked 
| 390|0x0000000730c00000, 0x0000000730c00000, 0x0000000730e00000|  0%| F|  |TAMS 0x0000000730c00000| PB 0x0000000730c00000| Untracked 
| 391|0x0000000730e00000, 0x0000000730e00000, 0x0000000731000000|  0%| F|  |TAMS 0x0000000730e00000| PB 0x0000000730e00000| Untracked 
| 392|0x0000000731000000, 0x0000000731000000, 0x0000000731200000|  0%| F|  |TAMS 0x0000000731000000| PB 0x0000000731000000| Untracked 
| 393|0x0000000731200000, 0x0000000731200000, 0x0000000731400000|  0%| F|  |TAMS 0x0000000731200000| PB 0x0000000731200000| Untracked 
| 394|0x0000000731400000, 0x0000000731400000, 0x0000000731600000|  0%| F|  |TAMS 0x0000000731400000| PB 0x0000000731400000| Untracked 
| 395|0x0000000731600000, 0x0000000731600000, 0x0000000731800000|  0%| F|  |TAMS 0x0000000731600000| PB 0x0000000731600000| Untracked 
| 396|0x0000000731800000, 0x0000000731800000, 0x0000000731a00000|  0%| F|  |TAMS 0x0000000731800000| PB 0x0000000731800000| Untracked 
| 397|0x0000000731a00000, 0x0000000731a00000, 0x0000000731c00000|  0%| F|  |TAMS 0x0000000731a00000| PB 0x0000000731a00000| Untracked 
| 398|0x0000000731c00000, 0x0000000731c00000, 0x0000000731e00000|  0%| F|  |TAMS 0x0000000731c00000| PB 0x0000000731c00000| Untracked 
| 399|0x0000000731e00000, 0x0000000731e00000, 0x0000000732000000|  0%| F|  |TAMS 0x0000000731e00000| PB 0x0000000731e00000| Untracked 
| 400|0x0000000732000000, 0x0000000732000000, 0x0000000732200000|  0%| F|  |TAMS 0x0000000732000000| PB 0x0000000732000000| Untracked 
| 401|0x0000000732200000, 0x0000000732200000, 0x0000000732400000|  0%| F|  |TAMS 0x0000000732200000| PB 0x0000000732200000| Untracked 
| 402|0x0000000732400000, 0x0000000732400000, 0x0000000732600000|  0%| F|  |TAMS 0x0000000732400000| PB 0x0000000732400000| Untracked 
| 403|0x0000000732600000, 0x0000000732600000, 0x0000000732800000|  0%| F|  |TAMS 0x0000000732600000| PB 0x0000000732600000| Untracked 
| 404|0x0000000732800000, 0x0000000732800000, 0x0000000732a00000|  0%| F|  |TAMS 0x0000000732800000| PB 0x0000000732800000| Untracked 
| 405|0x0000000732a00000, 0x0000000732a00000, 0x0000000732c00000|  0%| F|  |TAMS 0x0000000732a00000| PB 0x0000000732a00000| Untracked 
| 406|0x0000000732c00000, 0x0000000732c00000, 0x0000000732e00000|  0%| F|  |TAMS 0x0000000732c00000| PB 0x0000000732c00000| Untracked 
| 407|0x0000000732e00000, 0x0000000732e00000, 0x0000000733000000|  0%| F|  |TAMS 0x0000000732e00000| PB 0x0000000732e00000| Untracked 
| 408|0x0000000733000000, 0x0000000733000000, 0x0000000733200000|  0%| F|  |TAMS 0x0000000733000000| PB 0x0000000733000000| Untracked 
| 409|0x0000000733200000, 0x0000000733200000, 0x0000000733400000|  0%| F|  |TAMS 0x0000000733200000| PB 0x0000000733200000| Untracked 
| 410|0x0000000733400000, 0x0000000733400000, 0x0000000733600000|  0%| F|  |TAMS 0x0000000733400000| PB 0x0000000733400000| Untracked 
| 411|0x0000000733600000, 0x0000000733600000, 0x0000000733800000|  0%| F|  |TAMS 0x0000000733600000| PB 0x0000000733600000| Untracked 
| 412|0x0000000733800000, 0x0000000733800000, 0x0000000733a00000|  0%| F|  |TAMS 0x0000000733800000| PB 0x0000000733800000| Untracked 
| 413|0x0000000733a00000, 0x0000000733a00000, 0x0000000733c00000|  0%| F|  |TAMS 0x0000000733a00000| PB 0x0000000733a00000| Untracked 
| 414|0x0000000733c00000, 0x0000000733c00000, 0x0000000733e00000|  0%| F|  |TAMS 0x0000000733c00000| PB 0x0000000733c00000| Untracked 
| 415|0x0000000733e00000, 0x0000000733e00000, 0x0000000734000000|  0%| F|  |TAMS 0x0000000733e00000| PB 0x0000000733e00000| Untracked 
| 416|0x0000000734000000, 0x0000000734000000, 0x0000000734200000|  0%| F|  |TAMS 0x0000000734000000| PB 0x0000000734000000| Untracked 
| 417|0x0000000734200000, 0x0000000734200000, 0x0000000734400000|  0%| F|  |TAMS 0x0000000734200000| PB 0x0000000734200000| Untracked 
| 418|0x0000000734400000, 0x0000000734400000, 0x0000000734600000|  0%| F|  |TAMS 0x0000000734400000| PB 0x0000000734400000| Untracked 
| 419|0x0000000734600000, 0x0000000734600000, 0x0000000734800000|  0%| F|  |TAMS 0x0000000734600000| PB 0x0000000734600000| Untracked 
| 420|0x0000000734800000, 0x0000000734800000, 0x0000000734a00000|  0%| F|  |TAMS 0x0000000734800000| PB 0x0000000734800000| Untracked 
| 421|0x0000000734a00000, 0x0000000734a00000, 0x0000000734c00000|  0%| F|  |TAMS 0x0000000734a00000| PB 0x0000000734a00000| Untracked 
| 422|0x0000000734c00000, 0x0000000734c00000, 0x0000000734e00000|  0%| F|  |TAMS 0x0000000734c00000| PB 0x0000000734c00000| Untracked 
| 423|0x0000000734e00000, 0x0000000734e00000, 0x0000000735000000|  0%| F|  |TAMS 0x0000000734e00000| PB 0x0000000734e00000| Untracked 
| 424|0x0000000735000000, 0x0000000735000000, 0x0000000735200000|  0%| F|  |TAMS 0x0000000735000000| PB 0x0000000735000000| Untracked 
| 425|0x0000000735200000, 0x0000000735200000, 0x0000000735400000|  0%| F|  |TAMS 0x0000000735200000| PB 0x0000000735200000| Untracked 
| 426|0x0000000735400000, 0x0000000735400000, 0x0000000735600000|  0%| F|  |TAMS 0x0000000735400000| PB 0x0000000735400000| Untracked 
| 427|0x0000000735600000, 0x0000000735600000, 0x0000000735800000|  0%| F|  |TAMS 0x0000000735600000| PB 0x0000000735600000| Untracked 
| 428|0x0000000735800000, 0x0000000735800000, 0x0000000735a00000|  0%| F|  |TAMS 0x0000000735800000| PB 0x0000000735800000| Untracked 
| 429|0x0000000735a00000, 0x0000000735a00000, 0x0000000735c00000|  0%| F|  |TAMS 0x0000000735a00000| PB 0x0000000735a00000| Untracked 
| 430|0x0000000735c00000, 0x0000000735c00000, 0x0000000735e00000|  0%| F|  |TAMS 0x0000000735c00000| PB 0x0000000735c00000| Untracked 
| 431|0x0000000735e00000, 0x0000000735e00000, 0x0000000736000000|  0%| F|  |TAMS 0x0000000735e00000| PB 0x0000000735e00000| Untracked 
| 432|0x0000000736000000, 0x0000000736000000, 0x0000000736200000|  0%| F|  |TAMS 0x0000000736000000| PB 0x0000000736000000| Untracked 
| 433|0x0000000736200000, 0x0000000736200000, 0x0000000736400000|  0%| F|  |TAMS 0x0000000736200000| PB 0x0000000736200000| Untracked 
| 434|0x0000000736400000, 0x0000000736400000, 0x0000000736600000|  0%| F|  |TAMS 0x0000000736400000| PB 0x0000000736400000| Untracked 
| 435|0x0000000736600000, 0x0000000736600000, 0x0000000736800000|  0%| F|  |TAMS 0x0000000736600000| PB 0x0000000736600000| Untracked 
| 436|0x0000000736800000, 0x0000000736800000, 0x0000000736a00000|  0%| F|  |TAMS 0x0000000736800000| PB 0x0000000736800000| Untracked 
| 437|0x0000000736a00000, 0x0000000736a00000, 0x0000000736c00000|  0%| F|  |TAMS 0x0000000736a00000| PB 0x0000000736a00000| Untracked 
| 438|0x0000000736c00000, 0x0000000736c00000, 0x0000000736e00000|  0%| F|  |TAMS 0x0000000736c00000| PB 0x0000000736c00000| Untracked 
| 439|0x0000000736e00000, 0x0000000736e00000, 0x0000000737000000|  0%| F|  |TAMS 0x0000000736e00000| PB 0x0000000736e00000| Untracked 
| 440|0x0000000737000000, 0x0000000737000000, 0x0000000737200000|  0%| F|  |TAMS 0x0000000737000000| PB 0x0000000737000000| Untracked 
| 441|0x0000000737200000, 0x0000000737200000, 0x0000000737400000|  0%| F|  |TAMS 0x0000000737200000| PB 0x0000000737200000| Untracked 
| 442|0x0000000737400000, 0x0000000737400000, 0x0000000737600000|  0%| F|  |TAMS 0x0000000737400000| PB 0x0000000737400000| Untracked 
| 443|0x0000000737600000, 0x0000000737600000, 0x0000000737800000|  0%| F|  |TAMS 0x0000000737600000| PB 0x0000000737600000| Untracked 
| 444|0x0000000737800000, 0x0000000737800000, 0x0000000737a00000|  0%| F|  |TAMS 0x0000000737800000| PB 0x0000000737800000| Untracked 
| 445|0x0000000737a00000, 0x0000000737a00000, 0x0000000737c00000|  0%| F|  |TAMS 0x0000000737a00000| PB 0x0000000737a00000| Untracked 
| 446|0x0000000737c00000, 0x0000000737c00000, 0x0000000737e00000|  0%| F|  |TAMS 0x0000000737c00000| PB 0x0000000737c00000| Untracked 
| 447|0x0000000737e00000, 0x0000000737e00000, 0x0000000738000000|  0%| F|  |TAMS 0x0000000737e00000| PB 0x0000000737e00000| Untracked 
| 448|0x0000000738000000, 0x0000000738000000, 0x0000000738200000|  0%| F|  |TAMS 0x0000000738000000| PB 0x0000000738000000| Untracked 
| 449|0x0000000738200000, 0x0000000738200000, 0x0000000738400000|  0%| F|  |TAMS 0x0000000738200000| PB 0x0000000738200000| Untracked 
| 450|0x0000000738400000, 0x0000000738400000, 0x0000000738600000|  0%| F|  |TAMS 0x0000000738400000| PB 0x0000000738400000| Untracked 
| 451|0x0000000738600000, 0x0000000738600000, 0x0000000738800000|  0%| F|  |TAMS 0x0000000738600000| PB 0x0000000738600000| Untracked 
| 452|0x0000000738800000, 0x0000000738800000, 0x0000000738a00000|  0%| F|  |TAMS 0x0000000738800000| PB 0x0000000738800000| Untracked 
| 453|0x0000000738a00000, 0x0000000738a00000, 0x0000000738c00000|  0%| F|  |TAMS 0x0000000738a00000| PB 0x0000000738a00000| Untracked 
| 454|0x0000000738c00000, 0x0000000738c00000, 0x0000000738e00000|  0%| F|  |TAMS 0x0000000738c00000| PB 0x0000000738c00000| Untracked 
| 455|0x0000000738e00000, 0x0000000738e00000, 0x0000000739000000|  0%| F|  |TAMS 0x0000000738e00000| PB 0x0000000738e00000| Untracked 
| 456|0x0000000739000000, 0x0000000739000000, 0x0000000739200000|  0%| F|  |TAMS 0x0000000739000000| PB 0x0000000739000000| Untracked 
| 457|0x0000000739200000, 0x0000000739200000, 0x0000000739400000|  0%| F|  |TAMS 0x0000000739200000| PB 0x0000000739200000| Untracked 
| 458|0x0000000739400000, 0x0000000739400000, 0x0000000739600000|  0%| F|  |TAMS 0x0000000739400000| PB 0x0000000739400000| Untracked 
| 459|0x0000000739600000, 0x0000000739600000, 0x0000000739800000|  0%| F|  |TAMS 0x0000000739600000| PB 0x0000000739600000| Untracked 
| 460|0x0000000739800000, 0x0000000739800000, 0x0000000739a00000|  0%| F|  |TAMS 0x0000000739800000| PB 0x0000000739800000| Untracked 
| 461|0x0000000739a00000, 0x0000000739a00000, 0x0000000739c00000|  0%| F|  |TAMS 0x0000000739a00000| PB 0x0000000739a00000| Untracked 
| 462|0x0000000739c00000, 0x0000000739c00000, 0x0000000739e00000|  0%| F|  |TAMS 0x0000000739c00000| PB 0x0000000739c00000| Untracked 
| 463|0x0000000739e00000, 0x0000000739e00000, 0x000000073a000000|  0%| F|  |TAMS 0x0000000739e00000| PB 0x0000000739e00000| Untracked 
| 464|0x000000073a000000, 0x000000073a000000, 0x000000073a200000|  0%| F|  |TAMS 0x000000073a000000| PB 0x000000073a000000| Untracked 
| 465|0x000000073a200000, 0x000000073a200000, 0x000000073a400000|  0%| F|  |TAMS 0x000000073a200000| PB 0x000000073a200000| Untracked 
| 466|0x000000073a400000, 0x000000073a400000, 0x000000073a600000|  0%| F|  |TAMS 0x000000073a400000| PB 0x000000073a400000| Untracked 
| 467|0x000000073a600000, 0x000000073a600000, 0x000000073a800000|  0%| F|  |TAMS 0x000000073a600000| PB 0x000000073a600000| Untracked 
| 468|0x000000073a800000, 0x000000073a800000, 0x000000073aa00000|  0%| F|  |TAMS 0x000000073a800000| PB 0x000000073a800000| Untracked 
| 469|0x000000073aa00000, 0x000000073aa00000, 0x000000073ac00000|  0%| F|  |TAMS 0x000000073aa00000| PB 0x000000073aa00000| Untracked 
| 470|0x000000073ac00000, 0x000000073ac00000, 0x000000073ae00000|  0%| F|  |TAMS 0x000000073ac00000| PB 0x000000073ac00000| Untracked 
| 471|0x000000073ae00000, 0x000000073ae00000, 0x000000073b000000|  0%| F|  |TAMS 0x000000073ae00000| PB 0x000000073ae00000| Untracked 
| 472|0x000000073b000000, 0x000000073b000000, 0x000000073b200000|  0%| F|  |TAMS 0x000000073b000000| PB 0x000000073b000000| Untracked 
| 473|0x000000073b200000, 0x000000073b200000, 0x000000073b400000|  0%| F|  |TAMS 0x000000073b200000| PB 0x000000073b200000| Untracked 
| 474|0x000000073b400000, 0x000000073b400000, 0x000000073b600000|  0%| F|  |TAMS 0x000000073b400000| PB 0x000000073b400000| Untracked 
| 475|0x000000073b600000, 0x000000073b600000, 0x000000073b800000|  0%| F|  |TAMS 0x000000073b600000| PB 0x000000073b600000| Untracked 
| 476|0x000000073b800000, 0x000000073b800000, 0x000000073ba00000|  0%| F|  |TAMS 0x000000073b800000| PB 0x000000073b800000| Untracked 
| 477|0x000000073ba00000, 0x000000073ba00000, 0x000000073bc00000|  0%| F|  |TAMS 0x000000073ba00000| PB 0x000000073ba00000| Untracked 
| 478|0x000000073bc00000, 0x000000073bc00000, 0x000000073be00000|  0%| F|  |TAMS 0x000000073bc00000| PB 0x000000073bc00000| Untracked 
| 479|0x000000073be00000, 0x000000073be00000, 0x000000073c000000|  0%| F|  |TAMS 0x000000073be00000| PB 0x000000073be00000| Untracked 
| 480|0x000000073c000000, 0x000000073c000000, 0x000000073c200000|  0%| F|  |TAMS 0x000000073c000000| PB 0x000000073c000000| Untracked 
| 481|0x000000073c200000, 0x000000073c200000, 0x000000073c400000|  0%| F|  |TAMS 0x000000073c200000| PB 0x000000073c200000| Untracked 
| 482|0x000000073c400000, 0x000000073c400000, 0x000000073c600000|  0%| F|  |TAMS 0x000000073c400000| PB 0x000000073c400000| Untracked 
| 483|0x000000073c600000, 0x000000073c600000, 0x000000073c800000|  0%| F|  |TAMS 0x000000073c600000| PB 0x000000073c600000| Untracked 
| 484|0x000000073c800000, 0x000000073c800000, 0x000000073ca00000|  0%| F|  |TAMS 0x000000073c800000| PB 0x000000073c800000| Untracked 
| 485|0x000000073ca00000, 0x000000073ca00000, 0x000000073cc00000|  0%| F|  |TAMS 0x000000073ca00000| PB 0x000000073ca00000| Untracked 
| 486|0x000000073cc00000, 0x000000073cc00000, 0x000000073ce00000|  0%| F|  |TAMS 0x000000073cc00000| PB 0x000000073cc00000| Untracked 
| 487|0x000000073ce00000, 0x000000073ce00000, 0x000000073d000000|  0%| F|  |TAMS 0x000000073ce00000| PB 0x000000073ce00000| Untracked 
| 488|0x000000073d000000, 0x000000073d000000, 0x000000073d200000|  0%| F|  |TAMS 0x000000073d000000| PB 0x000000073d000000| Untracked 
| 489|0x000000073d200000, 0x000000073d200000, 0x000000073d400000|  0%| F|  |TAMS 0x000000073d200000| PB 0x000000073d200000| Untracked 
| 490|0x000000073d400000, 0x000000073d400000, 0x000000073d600000|  0%| F|  |TAMS 0x000000073d400000| PB 0x000000073d400000| Untracked 
| 491|0x000000073d600000, 0x000000073d600000, 0x000000073d800000|  0%| F|  |TAMS 0x000000073d600000| PB 0x000000073d600000| Untracked 
| 492|0x000000073d800000, 0x000000073d800000, 0x000000073da00000|  0%| F|  |TAMS 0x000000073d800000| PB 0x000000073d800000| Untracked 
| 493|0x000000073da00000, 0x000000073da00000, 0x000000073dc00000|  0%| F|  |TAMS 0x000000073da00000| PB 0x000000073da00000| Untracked 
| 494|0x000000073dc00000, 0x000000073dc00000, 0x000000073de00000|  0%| F|  |TAMS 0x000000073dc00000| PB 0x000000073dc00000| Untracked 
| 495|0x000000073de00000, 0x000000073de00000, 0x000000073e000000|  0%| F|  |TAMS 0x000000073de00000| PB 0x000000073de00000| Untracked 
| 496|0x000000073e000000, 0x000000073e000000, 0x000000073e200000|  0%| F|  |TAMS 0x000000073e000000| PB 0x000000073e000000| Untracked 
| 497|0x000000073e200000, 0x000000073e200000, 0x000000073e400000|  0%| F|  |TAMS 0x000000073e200000| PB 0x000000073e200000| Untracked 
| 498|0x000000073e400000, 0x000000073e400000, 0x000000073e600000|  0%| F|  |TAMS 0x000000073e400000| PB 0x000000073e400000| Untracked 
| 499|0x000000073e600000, 0x000000073e600000, 0x000000073e800000|  0%| F|  |TAMS 0x000000073e600000| PB 0x000000073e600000| Untracked 
| 500|0x000000073e800000, 0x000000073e800000, 0x000000073ea00000|  0%| F|  |TAMS 0x000000073e800000| PB 0x000000073e800000| Untracked 
| 501|0x000000073ea00000, 0x000000073ea00000, 0x000000073ec00000|  0%| F|  |TAMS 0x000000073ea00000| PB 0x000000073ea00000| Untracked 
| 502|0x000000073ec00000, 0x000000073ec00000, 0x000000073ee00000|  0%| F|  |TAMS 0x000000073ec00000| PB 0x000000073ec00000| Untracked 
| 503|0x000000073ee00000, 0x000000073ee00000, 0x000000073f000000|  0%| F|  |TAMS 0x000000073ee00000| PB 0x000000073ee00000| Untracked 
| 504|0x000000073f000000, 0x000000073f000000, 0x000000073f200000|  0%| F|  |TAMS 0x000000073f000000| PB 0x000000073f000000| Untracked 
| 505|0x000000073f200000, 0x000000073f200000, 0x000000073f400000|  0%| F|  |TAMS 0x000000073f200000| PB 0x000000073f200000| Untracked 
| 506|0x000000073f400000, 0x000000073f400000, 0x000000073f600000|  0%| F|  |TAMS 0x000000073f400000| PB 0x000000073f400000| Untracked 
| 507|0x000000073f600000, 0x000000073f600000, 0x000000073f800000|  0%| F|  |TAMS 0x000000073f600000| PB 0x000000073f600000| Untracked 
| 508|0x000000073f800000, 0x000000073f800000, 0x000000073fa00000|  0%| F|  |TAMS 0x000000073f800000| PB 0x000000073f800000| Untracked 
| 509|0x000000073fa00000, 0x000000073fa00000, 0x000000073fc00000|  0%| F|  |TAMS 0x000000073fa00000| PB 0x000000073fa00000| Untracked 
| 510|0x000000073fc00000, 0x000000073fc00000, 0x000000073fe00000|  0%| F|  |TAMS 0x000000073fc00000| PB 0x000000073fc00000| Untracked 
| 511|0x000000073fe00000, 0x000000073fe00000, 0x0000000740000000|  0%| F|  |TAMS 0x000000073fe00000| PB 0x000000073fe00000| Untracked 
| 512|0x0000000740000000, 0x0000000740000000, 0x0000000740200000|  0%| F|  |TAMS 0x0000000740000000| PB 0x0000000740000000| Untracked 
| 513|0x0000000740200000, 0x0000000740200000, 0x0000000740400000|  0%| F|  |TAMS 0x0000000740200000| PB 0x0000000740200000| Untracked 
| 514|0x0000000740400000, 0x0000000740400000, 0x0000000740600000|  0%| F|  |TAMS 0x0000000740400000| PB 0x0000000740400000| Untracked 
| 515|0x0000000740600000, 0x0000000740600000, 0x0000000740800000|  0%| F|  |TAMS 0x0000000740600000| PB 0x0000000740600000| Untracked 
| 516|0x0000000740800000, 0x0000000740800000, 0x0000000740a00000|  0%| F|  |TAMS 0x0000000740800000| PB 0x0000000740800000| Untracked 
| 517|0x0000000740a00000, 0x0000000740a00000, 0x0000000740c00000|  0%| F|  |TAMS 0x0000000740a00000| PB 0x0000000740a00000| Untracked 
| 518|0x0000000740c00000, 0x0000000740c00000, 0x0000000740e00000|  0%| F|  |TAMS 0x0000000740c00000| PB 0x0000000740c00000| Untracked 
| 519|0x0000000740e00000, 0x0000000740e00000, 0x0000000741000000|  0%| F|  |TAMS 0x0000000740e00000| PB 0x0000000740e00000| Untracked 
| 520|0x0000000741000000, 0x0000000741000000, 0x0000000741200000|  0%| F|  |TAMS 0x0000000741000000| PB 0x0000000741000000| Untracked 
| 521|0x0000000741200000, 0x0000000741200000, 0x0000000741400000|  0%| F|  |TAMS 0x0000000741200000| PB 0x0000000741200000| Untracked 
| 522|0x0000000741400000, 0x0000000741400000, 0x0000000741600000|  0%| F|  |TAMS 0x0000000741400000| PB 0x0000000741400000| Untracked 
| 523|0x0000000741600000, 0x0000000741600000, 0x0000000741800000|  0%| F|  |TAMS 0x0000000741600000| PB 0x0000000741600000| Untracked 
| 524|0x0000000741800000, 0x0000000741800000, 0x0000000741a00000|  0%| F|  |TAMS 0x0000000741800000| PB 0x0000000741800000| Untracked 
| 525|0x0000000741a00000, 0x0000000741a00000, 0x0000000741c00000|  0%| F|  |TAMS 0x0000000741a00000| PB 0x0000000741a00000| Untracked 
| 526|0x0000000741c00000, 0x0000000741c00000, 0x0000000741e00000|  0%| F|  |TAMS 0x0000000741c00000| PB 0x0000000741c00000| Untracked 
| 527|0x0000000741e00000, 0x0000000741e00000, 0x0000000742000000|  0%| F|  |TAMS 0x0000000741e00000| PB 0x0000000741e00000| Untracked 
| 528|0x0000000742000000, 0x0000000742000000, 0x0000000742200000|  0%| F|  |TAMS 0x0000000742000000| PB 0x0000000742000000| Untracked 
| 529|0x0000000742200000, 0x0000000742200000, 0x0000000742400000|  0%| F|  |TAMS 0x0000000742200000| PB 0x0000000742200000| Untracked 
| 530|0x0000000742400000, 0x0000000742400000, 0x0000000742600000|  0%| F|  |TAMS 0x0000000742400000| PB 0x0000000742400000| Untracked 
| 531|0x0000000742600000, 0x0000000742600000, 0x0000000742800000|  0%| F|  |TAMS 0x0000000742600000| PB 0x0000000742600000| Untracked 
| 532|0x0000000742800000, 0x0000000742800000, 0x0000000742a00000|  0%| F|  |TAMS 0x0000000742800000| PB 0x0000000742800000| Untracked 
| 533|0x0000000742a00000, 0x0000000742a00000, 0x0000000742c00000|  0%| F|  |TAMS 0x0000000742a00000| PB 0x0000000742a00000| Untracked 
| 534|0x0000000742c00000, 0x0000000742c00000, 0x0000000742e00000|  0%| F|  |TAMS 0x0000000742c00000| PB 0x0000000742c00000| Untracked 
| 535|0x0000000742e00000, 0x0000000742e00000, 0x0000000743000000|  0%| F|  |TAMS 0x0000000742e00000| PB 0x0000000742e00000| Untracked 
| 536|0x0000000743000000, 0x0000000743000000, 0x0000000743200000|  0%| F|  |TAMS 0x0000000743000000| PB 0x0000000743000000| Untracked 
| 537|0x0000000743200000, 0x0000000743200000, 0x0000000743400000|  0%| F|  |TAMS 0x0000000743200000| PB 0x0000000743200000| Untracked 
| 538|0x0000000743400000, 0x0000000743400000, 0x0000000743600000|  0%| F|  |TAMS 0x0000000743400000| PB 0x0000000743400000| Untracked 
| 539|0x0000000743600000, 0x0000000743600000, 0x0000000743800000|  0%| F|  |TAMS 0x0000000743600000| PB 0x0000000743600000| Untracked 
| 540|0x0000000743800000, 0x0000000743800000, 0x0000000743a00000|  0%| F|  |TAMS 0x0000000743800000| PB 0x0000000743800000| Untracked 
| 541|0x0000000743a00000, 0x0000000743a00000, 0x0000000743c00000|  0%| F|  |TAMS 0x0000000743a00000| PB 0x0000000743a00000| Untracked 
| 542|0x0000000743c00000, 0x0000000743c00000, 0x0000000743e00000|  0%| F|  |TAMS 0x0000000743c00000| PB 0x0000000743c00000| Untracked 
| 543|0x0000000743e00000, 0x0000000743e00000, 0x0000000744000000|  0%| F|  |TAMS 0x0000000743e00000| PB 0x0000000743e00000| Untracked 
| 544|0x0000000744000000, 0x0000000744000000, 0x0000000744200000|  0%| F|  |TAMS 0x0000000744000000| PB 0x0000000744000000| Untracked 
| 545|0x0000000744200000, 0x0000000744200000, 0x0000000744400000|  0%| F|  |TAMS 0x0000000744200000| PB 0x0000000744200000| Untracked 
| 546|0x0000000744400000, 0x0000000744400000, 0x0000000744600000|  0%| F|  |TAMS 0x0000000744400000| PB 0x0000000744400000| Untracked 
| 547|0x0000000744600000, 0x0000000744600000, 0x0000000744800000|  0%| F|  |TAMS 0x0000000744600000| PB 0x0000000744600000| Untracked 
| 548|0x0000000744800000, 0x0000000744800000, 0x0000000744a00000|  0%| F|  |TAMS 0x0000000744800000| PB 0x0000000744800000| Untracked 
| 549|0x0000000744a00000, 0x0000000744a00000, 0x0000000744c00000|  0%| F|  |TAMS 0x0000000744a00000| PB 0x0000000744a00000| Untracked 
| 550|0x0000000744c00000, 0x0000000744c00000, 0x0000000744e00000|  0%| F|  |TAMS 0x0000000744c00000| PB 0x0000000744c00000| Untracked 
| 551|0x0000000744e00000, 0x0000000744e00000, 0x0000000745000000|  0%| F|  |TAMS 0x0000000744e00000| PB 0x0000000744e00000| Untracked 
| 552|0x0000000745000000, 0x0000000745000000, 0x0000000745200000|  0%| F|  |TAMS 0x0000000745000000| PB 0x0000000745000000| Untracked 
| 553|0x0000000745200000, 0x0000000745200000, 0x0000000745400000|  0%| F|  |TAMS 0x0000000745200000| PB 0x0000000745200000| Untracked 
| 554|0x0000000745400000, 0x0000000745400000, 0x0000000745600000|  0%| F|  |TAMS 0x0000000745400000| PB 0x0000000745400000| Untracked 
| 555|0x0000000745600000, 0x0000000745600000, 0x0000000745800000|  0%| F|  |TAMS 0x0000000745600000| PB 0x0000000745600000| Untracked 
| 556|0x0000000745800000, 0x0000000745800000, 0x0000000745a00000|  0%| F|  |TAMS 0x0000000745800000| PB 0x0000000745800000| Untracked 
| 557|0x0000000745a00000, 0x0000000745a00000, 0x0000000745c00000|  0%| F|  |TAMS 0x0000000745a00000| PB 0x0000000745a00000| Untracked 
| 558|0x0000000745c00000, 0x0000000745c00000, 0x0000000745e00000|  0%| F|  |TAMS 0x0000000745c00000| PB 0x0000000745c00000| Untracked 
| 559|0x0000000745e00000, 0x0000000745e00000, 0x0000000746000000|  0%| F|  |TAMS 0x0000000745e00000| PB 0x0000000745e00000| Untracked 
| 560|0x0000000746000000, 0x0000000746000000, 0x0000000746200000|  0%| F|  |TAMS 0x0000000746000000| PB 0x0000000746000000| Untracked 
| 561|0x0000000746200000, 0x0000000746200000, 0x0000000746400000|  0%| F|  |TAMS 0x0000000746200000| PB 0x0000000746200000| Untracked 
| 562|0x0000000746400000, 0x0000000746400000, 0x0000000746600000|  0%| F|  |TAMS 0x0000000746400000| PB 0x0000000746400000| Untracked 
| 563|0x0000000746600000, 0x0000000746600000, 0x0000000746800000|  0%| F|  |TAMS 0x0000000746600000| PB 0x0000000746600000| Untracked 
| 564|0x0000000746800000, 0x0000000746800000, 0x0000000746a00000|  0%| F|  |TAMS 0x0000000746800000| PB 0x0000000746800000| Untracked 
| 565|0x0000000746a00000, 0x0000000746a00000, 0x0000000746c00000|  0%| F|  |TAMS 0x0000000746a00000| PB 0x0000000746a00000| Untracked 
| 566|0x0000000746c00000, 0x0000000746c00000, 0x0000000746e00000|  0%| F|  |TAMS 0x0000000746c00000| PB 0x0000000746c00000| Untracked 
| 567|0x0000000746e00000, 0x0000000746e00000, 0x0000000747000000|  0%| F|  |TAMS 0x0000000746e00000| PB 0x0000000746e00000| Untracked 
| 568|0x0000000747000000, 0x0000000747000000, 0x0000000747200000|  0%| F|  |TAMS 0x0000000747000000| PB 0x0000000747000000| Untracked 
| 569|0x0000000747200000, 0x0000000747200000, 0x0000000747400000|  0%| F|  |TAMS 0x0000000747200000| PB 0x0000000747200000| Untracked 
| 570|0x0000000747400000, 0x0000000747400000, 0x0000000747600000|  0%| F|  |TAMS 0x0000000747400000| PB 0x0000000747400000| Untracked 
| 571|0x0000000747600000, 0x0000000747600000, 0x0000000747800000|  0%| F|  |TAMS 0x0000000747600000| PB 0x0000000747600000| Untracked 
| 572|0x0000000747800000, 0x0000000747800000, 0x0000000747a00000|  0%| F|  |TAMS 0x0000000747800000| PB 0x0000000747800000| Untracked 
| 573|0x0000000747a00000, 0x0000000747a00000, 0x0000000747c00000|  0%| F|  |TAMS 0x0000000747a00000| PB 0x0000000747a00000| Untracked 
| 574|0x0000000747c00000, 0x0000000747c00000, 0x0000000747e00000|  0%| F|  |TAMS 0x0000000747c00000| PB 0x0000000747c00000| Untracked 
| 575|0x0000000747e00000, 0x0000000747e00000, 0x0000000748000000|  0%| F|  |TAMS 0x0000000747e00000| PB 0x0000000747e00000| Untracked 
| 576|0x0000000748000000, 0x0000000748000000, 0x0000000748200000|  0%| F|  |TAMS 0x0000000748000000| PB 0x0000000748000000| Untracked 
| 577|0x0000000748200000, 0x0000000748200000, 0x0000000748400000|  0%| F|  |TAMS 0x0000000748200000| PB 0x0000000748200000| Untracked 
| 578|0x0000000748400000, 0x0000000748400000, 0x0000000748600000|  0%| F|  |TAMS 0x0000000748400000| PB 0x0000000748400000| Untracked 
| 579|0x0000000748600000, 0x0000000748600000, 0x0000000748800000|  0%| F|  |TAMS 0x0000000748600000| PB 0x0000000748600000| Untracked 
| 580|0x0000000748800000, 0x0000000748800000, 0x0000000748a00000|  0%| F|  |TAMS 0x0000000748800000| PB 0x0000000748800000| Untracked 
| 581|0x0000000748a00000, 0x0000000748a00000, 0x0000000748c00000|  0%| F|  |TAMS 0x0000000748a00000| PB 0x0000000748a00000| Untracked 
| 582|0x0000000748c00000, 0x0000000748c00000, 0x0000000748e00000|  0%| F|  |TAMS 0x0000000748c00000| PB 0x0000000748c00000| Untracked 
| 583|0x0000000748e00000, 0x0000000748e00000, 0x0000000749000000|  0%| F|  |TAMS 0x0000000748e00000| PB 0x0000000748e00000| Untracked 
| 584|0x0000000749000000, 0x0000000749000000, 0x0000000749200000|  0%| F|  |TAMS 0x0000000749000000| PB 0x0000000749000000| Untracked 
| 585|0x0000000749200000, 0x0000000749200000, 0x0000000749400000|  0%| F|  |TAMS 0x0000000749200000| PB 0x0000000749200000| Untracked 
| 586|0x0000000749400000, 0x0000000749400000, 0x0000000749600000|  0%| F|  |TAMS 0x0000000749400000| PB 0x0000000749400000| Untracked 
| 587|0x0000000749600000, 0x0000000749600000, 0x0000000749800000|  0%| F|  |TAMS 0x0000000749600000| PB 0x0000000749600000| Untracked 
| 588|0x0000000749800000, 0x0000000749800000, 0x0000000749a00000|  0%| F|  |TAMS 0x0000000749800000| PB 0x0000000749800000| Untracked 
| 589|0x0000000749a00000, 0x0000000749a00000, 0x0000000749c00000|  0%| F|  |TAMS 0x0000000749a00000| PB 0x0000000749a00000| Untracked 
| 590|0x0000000749c00000, 0x0000000749c00000, 0x0000000749e00000|  0%| F|  |TAMS 0x0000000749c00000| PB 0x0000000749c00000| Untracked 
| 591|0x0000000749e00000, 0x0000000749e00000, 0x000000074a000000|  0%| F|  |TAMS 0x0000000749e00000| PB 0x0000000749e00000| Untracked 
|2032|0x00000007fe000000, 0x00000007fe000000, 0x00000007fe200000|  0%| F|  |TAMS 0x00000007fe000000| PB 0x00000007fe000000| Untracked 
|2033|0x00000007fe200000, 0x00000007fe200000, 0x00000007fe400000|  0%| F|  |TAMS 0x00000007fe200000| PB 0x00000007fe200000| Untracked 
|2034|0x00000007fe400000, 0x00000007fe400000, 0x00000007fe600000|  0%| F|  |TAMS 0x00000007fe400000| PB 0x00000007fe400000| Untracked 
|2035|0x00000007fe600000, 0x00000007fe600000, 0x00000007fe800000|  0%| F|  |TAMS 0x00000007fe600000| PB 0x00000007fe600000| Untracked 
|2036|0x00000007fe800000, 0x00000007fe800000, 0x00000007fea00000|  0%| F|  |TAMS 0x00000007fe800000| PB 0x00000007fe800000| Untracked 
|2037|0x00000007fea00000, 0x00000007fea00000, 0x00000007fec00000|  0%| F|  |TAMS 0x00000007fea00000| PB 0x00000007fea00000| Untracked 
|2038|0x00000007fec00000, 0x00000007fec00000, 0x00000007fee00000|  0%| F|  |TAMS 0x00000007fec00000| PB 0x00000007fec00000| Untracked 
|2039|0x00000007fee00000, 0x00000007fee00000, 0x00000007ff000000|  0%| F|  |TAMS 0x00000007fee00000| PB 0x00000007fee00000| Untracked 
|2040|0x00000007ff000000, 0x00000007ff200000, 0x00000007ff200000|100%| O|  |TAMS 0x00000007ff000000| PB 0x00000007ff000000| Untracked 
|2041|0x00000007ff200000, 0x00000007ff400000, 0x00000007ff400000|100%| O|  |TAMS 0x00000007ff200000| PB 0x00000007ff200000| Untracked 
|2042|0x00000007ff400000, 0x00000007ff400000, 0x00000007ff600000|  0%| F|  |TAMS 0x00000007ff400000| PB 0x00000007ff400000| Untracked 
|2043|0x00000007ff600000, 0x00000007ff800000, 0x00000007ff800000|100%| O|  |TAMS 0x00000007ff600000| PB 0x00000007ff600000| Untracked 
|2044|0x00000007ff800000, 0x00000007ffa00000, 0x00000007ffa00000|100%| O|  |TAMS 0x00000007ff800000| PB 0x00000007ff800000| Untracked 
|2045|0x00000007ffa00000, 0x00000007ffc00000, 0x00000007ffc00000|100%| O|  |TAMS 0x00000007ffa00000| PB 0x00000007ffa00000| Untracked 
|2046|0x00000007ffc00000, 0x00000007ffe00000, 0x00000007ffe00000|100%| O|  |TAMS 0x00000007ffc00000| PB 0x00000007ffc00000| Untracked 
|2047|0x00000007ffe00000, 0x0000000800000000, 0x0000000800000000|100%| O|  |TAMS 0x00000007ffe00000| PB 0x00000007ffe00000| Untracked 

Card table byte_map: [0x0000023ca3b60000,0x0000023ca4360000] _byte_map_base: 0x0000023ca0360000

Marking Bits: (CMBitMap*) 0x0000023ca8381740
 Bits: [0x0000023ca4360000, 0x0000023ca8360000)

Polling page: 0x0000023c8e240000

Metaspace:

Usage:
  Non-class:     77.26 MB used.
      Class:     12.85 MB used.
       Both:     90.11 MB used.

Virtual space:
  Non-class space:      128.00 MB reserved,      78.06 MB ( 61%) committed,  2 nodes.
      Class space:        1.00 GB reserved,      13.69 MB (  1%) committed,  1 nodes.
             Both:        1.12 GB reserved,      91.75 MB (  8%) committed. 

Chunk freelists:
   Non-Class:  1.06 MB
       Class:  2.14 MB
        Both:  3.20 MB

MaxMetaspaceSize: unlimited
CompressedClassSpaceSize: 1.00 GB
Initial GC threshold: 21.00 MB
Current GC threshold: 152.81 MB
CDS: on
 - commit_granule_bytes: 65536.
 - commit_granule_words: 8192.
 - virtual_space_node_default_size: 8388608.
 - enlarge_chunks_in_place: 1.
 - use_allocation_guard: 0.


Internal statistics:

num_allocs_failed_limit: 6.
num_arena_births: 3656.
num_arena_deaths: 38.
num_vsnodes_births: 3.
num_vsnodes_deaths: 0.
num_space_committed: 1467.
num_space_uncommitted: 0.
num_chunks_returned_to_freelist: 55.
num_chunks_taken_from_freelist: 8558.
num_chunk_merges: 15.
num_chunk_splits: 5266.
num_chunks_enlarged: 3041.
num_inconsistent_stats: 0.

CodeHeap 'non-profiled nmethods': size=120000Kb used=15417Kb max_used=15417Kb free=104582Kb
 bounds [0x0000023c9baf0000, 0x0000023c9ca00000, 0x0000023ca3020000]
CodeHeap 'profiled nmethods': size=120000Kb used=32260Kb max_used=32381Kb free=87739Kb
 bounds [0x0000023c94020000, 0x0000023c96080000, 0x0000023c9b550000]
CodeHeap 'non-nmethods': size=5760Kb used=1960Kb max_used=2098Kb free=3800Kb
 bounds [0x0000023c9b550000, 0x0000023c9b7c0000, 0x0000023c9baf0000]
CodeCache: size=245760Kb, used=49637Kb, max_used=49896Kb, free=196121Kb
 total_blobs=16210, nmethods=15396, adapters=715, full_count=0
Compilation: enabled, stopped_count=0, restarted_count=0

Compilation events (20 events):
Event: 76.800 Thread 0x0000023ca8542290 21101       3       com.android.tools.r8.internal.GZ::a (622 bytes)
Event: 76.803 Thread 0x0000023ca8542290 nmethod 21101 0x0000023c9554d410 code [0x0000023c9554d860, 0x0000023c9554fc08]
Event: 76.814 Thread 0x0000023ca8542290 21103       3       com.android.tools.r8.graph.g1::m (6 bytes)
Event: 76.814 Thread 0x0000023ca8542290 nmethod 21103 0x0000023c9587c390 code [0x0000023c9587c540, 0x0000023c9587c7d8]
Event: 76.896 Thread 0x0000023ca85407e0 nmethod 21088 0x0000023c9c9f6990 code [0x0000023c9c9f6c60, 0x0000023c9c9f8498]
Event: 76.897 Thread 0x0000023ca85407e0 21105       4       com.android.tools.r8.graph.e1::l0 (102 bytes)
Event: 76.913 Thread 0x0000023ca85407e0 nmethod 21105 0x0000023c9c9f9510 code [0x0000023c9c9f9760, 0x0000023c9c9fa150]
Event: 76.913 Thread 0x0000023ca85407e0 21102       4       com.android.tools.r8.internal.GZ::a (66 bytes)
Event: 76.921 Thread 0x0000023ca85407e0 nmethod 21102 0x0000023c9c9fa690 code [0x0000023c9c9fa860, 0x0000023c9c9fab60]
Event: 76.922 Thread 0x0000023ca85407e0 21086       4       com.android.tools.r8.internal.GZ::a (66 bytes)
Event: 76.929 Thread 0x0000023ca85407e0 nmethod 21086 0x0000023c9c9fae90 code [0x0000023c9c9fb060, 0x0000023c9c9fb330]
Event: 76.929 Thread 0x0000023ca85407e0 21087       4       com.android.tools.r8.internal.GA::a (55 bytes)
Event: 77.025 Thread 0x0000023ca85407e0 nmethod 21087 0x0000023c9c9fb610 code [0x0000023c9c9fb8e0, 0x0000023c9c9fcd58]
Event: 77.026 Thread 0x0000023ca85407e0 21097       4       com.android.tools.r8.internal.qb::b (34 bytes)
Event: 77.027 Thread 0x0000023ca85407e0 nmethod 21097 0x0000023c9c9fdc10 code [0x0000023c9c9fdda0, 0x0000023c9c9fde58]
Event: 77.027 Thread 0x0000023ca85407e0 21091       4       com.android.tools.r8.internal.L::containsKey (20 bytes)
Event: 77.029 Thread 0x0000023ca85407e0 nmethod 21091 0x0000023c9c9fdf10 code [0x0000023c9c9fe0a0, 0x0000023c9c9fe1b8]
Event: 77.029 Thread 0x0000023ca85407e0 21090       4       com.android.tools.r8.internal.L::get (34 bytes)
Event: 77.031 Thread 0x0000023ca85407e0 nmethod 21090 0x0000023c9c9fe310 code [0x0000023c9c9fe4a0, 0x0000023c9c9fe5c0]
Event: 77.031 Thread 0x0000023ca85407e0 21106       4       java.util.TimSort::mergeLo (659 bytes)

GC Heap History (20 events):
Event: 63.183 GC heap after
{Heap after GC invocations=71 (full 0):
 garbage-first heap   total 1146880K, used 342023K [0x0000000700000000, 0x0000000800000000)
  region size 2048K, 15 young (30720K), 15 survivors (30720K)
 Metaspace       used 91964K, committed 93696K, reserved 1179648K
  class space    used 13143K, committed 14016K, reserved 1048576K
}
Event: 64.355 GC heap before
{Heap before GC invocations=71 (full 0):
 garbage-first heap   total 1146880K, used 997383K [0x0000000700000000, 0x0000000800000000)
  region size 2048K, 336 young (688128K), 15 survivors (30720K)
 Metaspace       used 91970K, committed 93696K, reserved 1179648K
  class space    used 13143K, committed 14016K, reserved 1048576K
}
Event: 64.394 GC heap after
{Heap after GC invocations=72 (full 0):
 garbage-first heap   total 1146880K, used 331606K [0x0000000700000000, 0x0000000800000000)
  region size 2048K, 15 young (30720K), 15 survivors (30720K)
 Metaspace       used 91970K, committed 93696K, reserved 1179648K
  class space    used 13143K, committed 14016K, reserved 1048576K
}
Event: 66.021 GC heap before
{Heap before GC invocations=72 (full 0):
 garbage-first heap   total 1146880K, used 989014K [0x0000000700000000, 0x0000000800000000)
  region size 2048K, 336 young (688128K), 15 survivors (30720K)
 Metaspace       used 92005K, committed 93760K, reserved 1179648K
  class space    used 13144K, committed 14016K, reserved 1048576K
}
Event: 66.051 GC heap after
{Heap after GC invocations=73 (full 0):
 garbage-first heap   total 1146880K, used 327863K [0x0000000700000000, 0x0000000800000000)
  region size 2048K, 13 young (26624K), 13 survivors (26624K)
 Metaspace       used 92005K, committed 93760K, reserved 1179648K
  class space    used 13144K, committed 14016K, reserved 1048576K
}
Event: 68.026 GC heap before
{Heap before GC invocations=74 (full 0):
 garbage-first heap   total 1099776K, used 960695K [0x0000000700000000, 0x0000000800000000)
  region size 2048K, 322 young (659456K), 13 survivors (26624K)
 Metaspace       used 92031K, committed 93760K, reserved 1179648K
  class space    used 13144K, committed 14016K, reserved 1048576K
}
Event: 68.056 GC heap after
{Heap after GC invocations=75 (full 0):
 garbage-first heap   total 1099776K, used 326446K [0x0000000700000000, 0x0000000800000000)
  region size 2048K, 13 young (26624K), 13 survivors (26624K)
 Metaspace       used 92031K, committed 93760K, reserved 1179648K
  class space    used 13144K, committed 14016K, reserved 1048576K
}
Event: 69.732 GC heap before
{Heap before GC invocations=75 (full 0):
 garbage-first heap   total 1099776K, used 961326K [0x0000000700000000, 0x0000000800000000)
  region size 2048K, 322 young (659456K), 13 survivors (26624K)
 Metaspace       used 92145K, committed 93888K, reserved 1179648K
  class space    used 13150K, committed 14016K, reserved 1048576K
}
Event: 69.775 GC heap after
{Heap after GC invocations=76 (full 0):
 garbage-first heap   total 1099776K, used 321389K [0x0000000700000000, 0x0000000800000000)
  region size 2048K, 15 young (30720K), 15 survivors (30720K)
 Metaspace       used 92145K, committed 93888K, reserved 1179648K
  class space    used 13150K, committed 14016K, reserved 1048576K
}
Event: 70.953 GC heap before
{Heap before GC invocations=76 (full 0):
 garbage-first heap   total 1099776K, used 948077K [0x0000000700000000, 0x0000000800000000)
  region size 2048K, 322 young (659456K), 15 survivors (30720K)
 Metaspace       used 92164K, committed 93888K, reserved 1179648K
  class space    used 13152K, committed 14016K, reserved 1048576K
}
Event: 71.011 GC heap after
{Heap after GC invocations=77 (full 0):
 garbage-first heap   total 1099776K, used 344210K [0x0000000700000000, 0x0000000800000000)
  region size 2048K, 26 young (53248K), 26 survivors (53248K)
 Metaspace       used 92164K, committed 93888K, reserved 1179648K
  class space    used 13152K, committed 14016K, reserved 1048576K
}
Event: 72.547 GC heap before
{Heap before GC invocations=78 (full 0):
 garbage-first heap   total 1099776K, used 948370K [0x0000000700000000, 0x0000000800000000)
  region size 2048K, 322 young (659456K), 26 survivors (53248K)
 Metaspace       used 92174K, committed 93888K, reserved 1179648K
  class space    used 13152K, committed 14016K, reserved 1048576K
}
Event: 72.609 GC heap after
{Heap after GC invocations=79 (full 0):
 garbage-first heap   total 1099776K, used 345348K [0x0000000700000000, 0x0000000800000000)
  region size 2048K, 22 young (45056K), 22 survivors (45056K)
 Metaspace       used 92174K, committed 93888K, reserved 1179648K
  class space    used 13152K, committed 14016K, reserved 1048576K
}
Event: 73.949 GC heap before
{Heap before GC invocations=79 (full 0):
 garbage-first heap   total 1099776K, used 957700K [0x0000000700000000, 0x0000000800000000)
  region size 2048K, 322 young (659456K), 22 survivors (45056K)
 Metaspace       used 92184K, committed 93888K, reserved 1179648K
  class space    used 13152K, committed 14016K, reserved 1048576K
}
Event: 74.005 GC heap after
{Heap after GC invocations=80 (full 0):
 garbage-first heap   total 1099776K, used 334799K [0x0000000700000000, 0x0000000800000000)
  region size 2048K, 22 young (45056K), 22 survivors (45056K)
 Metaspace       used 92184K, committed 93888K, reserved 1179648K
  class space    used 13152K, committed 14016K, reserved 1048576K
}
Event: 74.989 GC heap before
{Heap before GC invocations=80 (full 0):
 garbage-first heap   total 1099776K, used 947151K [0x0000000700000000, 0x0000000800000000)
  region size 2048K, 322 young (659456K), 22 survivors (45056K)
 Metaspace       used 92195K, committed 93888K, reserved 1179648K
  class space    used 13152K, committed 14016K, reserved 1048576K
}
Event: 75.034 GC heap after
{Heap after GC invocations=81 (full 0):
 garbage-first heap   total 1099776K, used 339914K [0x0000000700000000, 0x0000000800000000)
  region size 2048K, 25 young (51200K), 25 survivors (51200K)
 Metaspace       used 92195K, committed 93888K, reserved 1179648K
  class space    used 13152K, committed 14016K, reserved 1048576K
}
Event: 75.944 GC heap before
{Heap before GC invocations=81 (full 0):
 garbage-first heap   total 1099776K, used 946122K [0x0000000700000000, 0x0000000800000000)
  region size 2048K, 322 young (659456K), 25 survivors (51200K)
 Metaspace       used 92227K, committed 93952K, reserved 1179648K
  class space    used 13155K, committed 14016K, reserved 1048576K
}
Event: 75.993 GC heap after
{Heap after GC invocations=82 (full 0):
 garbage-first heap   total 1099776K, used 337727K [0x0000000700000000, 0x0000000800000000)
  region size 2048K, 21 young (43008K), 21 survivors (43008K)
 Metaspace       used 92227K, committed 93952K, reserved 1179648K
  class space    used 13155K, committed 14016K, reserved 1048576K
}
Event: 77.043 GC heap before
{Heap before GC invocations=82 (full 0):
 garbage-first heap   total 1099776K, used 952127K [0x0000000700000000, 0x0000000800000000)
  region size 2048K, 322 young (659456K), 21 survivors (43008K)
 Metaspace       used 92269K, committed 93952K, reserved 1179648K
  class space    used 13156K, committed 14016K, reserved 1048576K
}

Dll operation events (4 events):
Event: 0.022 Loaded shared library C:\Users\mutha_rx3lv8e\.jdks\jbr-21.0.11\bin\java.dll
Event: 0.097 Loaded shared library C:\Users\mutha_rx3lv8e\.jdks\jbr-21.0.11\bin\jsvml.dll
Event: 0.151 Loaded shared library C:\Users\mutha_rx3lv8e\.jdks\jbr-21.0.11\bin\zip.dll
Event: 1.171 Loaded shared library C:\Users\mutha_rx3lv8e\.jdks\jbr-21.0.11\bin\verify.dll

Deoptimization events (20 events):
Event: 76.286 Thread 0x0000023cf7022df0 Uncommon trap: trap_request=0xffffff45 fr.pc=0x0000023c9c963a24 relative=0x0000000000000904
Event: 76.286 Thread 0x0000023cf7022df0 Uncommon trap: reason=unstable_if action=reinterpret pc=0x0000023c9c963a24 method=com.android.tools.r8.internal.H10.a(Lcom/android/tools/r8/graph/B2;Lcom/android/tools/r8/graph/B2;Lcom/android/tools/r8/internal/QK;Lcom/android/tools/r8/internal/Vz;Lcom/an
Event: 76.286 Thread 0x0000023cf7022df0 DEOPT PACKING pc=0x0000023c9c963a24 sp=0x0000005e934fa9d0
Event: 76.286 Thread 0x0000023cf7022df0 DEOPT UNPACKING pc=0x0000023c9b5a4422 sp=0x0000005e934fa9a0 mode 2
Event: 76.303 Thread 0x0000023cf8c34fd0 DEOPT PACKING pc=0x0000023c951655c7 sp=0x0000005e8f0f6c90
Event: 76.303 Thread 0x0000023cf8c34fd0 DEOPT UNPACKING pc=0x0000023c9b5a4bc2 sp=0x0000005e8f0f61a8 mode 0
Event: 76.318 Thread 0x0000023cf7022760 DEOPT PACKING pc=0x0000023c959fcc6c sp=0x0000005e937f9ac0
Event: 76.318 Thread 0x0000023cf7022760 DEOPT UNPACKING pc=0x0000023c9b5a4bc2 sp=0x0000005e937f9350 mode 0
Event: 76.474 Thread 0x0000023cf7022760 DEOPT PACKING pc=0x0000023c959fee08 sp=0x0000005e937f9ac0
Event: 76.474 Thread 0x0000023cf7022760 DEOPT UNPACKING pc=0x0000023c9b5a4bc2 sp=0x0000005e937f9350 mode 0
Event: 76.594 Thread 0x0000023cf8c34fd0 DEOPT PACKING pc=0x0000023c959fcc6c sp=0x0000005e8f0f6fe0
Event: 76.594 Thread 0x0000023cf8c34fd0 DEOPT UNPACKING pc=0x0000023c9b5a4bc2 sp=0x0000005e8f0f6870 mode 0
Event: 76.669 Thread 0x0000023cf70220d0 DEOPT PACKING pc=0x0000023c959fee08 sp=0x0000005e932f9a40
Event: 76.669 Thread 0x0000023cf70220d0 DEOPT UNPACKING pc=0x0000023c9b5a4bc2 sp=0x0000005e932f92d0 mode 0
Event: 76.759 Thread 0x0000023cf70220d0 DEOPT PACKING pc=0x0000023c959fee08 sp=0x0000005e932f9a40
Event: 76.759 Thread 0x0000023cf70220d0 DEOPT UNPACKING pc=0x0000023c9b5a4bc2 sp=0x0000005e932f92d0 mode 0
Event: 76.864 Thread 0x0000023cf7021a40 DEOPT PACKING pc=0x0000023c959fcc6c sp=0x0000005e935f9c50
Event: 76.864 Thread 0x0000023cf7021a40 DEOPT UNPACKING pc=0x0000023c9b5a4bc2 sp=0x0000005e935f94e0 mode 0
Event: 76.955 Thread 0x0000023cf70220d0 DEOPT PACKING pc=0x0000023c959fee08 sp=0x0000005e932f9a40
Event: 76.955 Thread 0x0000023cf70220d0 DEOPT UNPACKING pc=0x0000023c9b5a4bc2 sp=0x0000005e932f92d0 mode 0

Classes loaded (20 events):
Event: 38.672 Loading class com/sun/xml/internal/stream/util/ReadOnlyIterator
Event: 38.672 Loading class com/sun/xml/internal/stream/util/ReadOnlyIterator done
Event: 38.873 Loading class com/sun/xml/internal/stream/events/CharacterEvent
Event: 38.873 Loading class javax/xml/stream/events/Characters
Event: 38.873 Loading class javax/xml/stream/events/Characters done
Event: 38.873 Loading class com/sun/xml/internal/stream/events/CharacterEvent done
Event: 38.987 Loading class com/sun/xml/internal/stream/events/EndElementEvent
Event: 38.988 Loading class javax/xml/stream/events/EndElement
Event: 38.988 Loading class javax/xml/stream/events/EndElement done
Event: 38.988 Loading class com/sun/xml/internal/stream/events/EndElementEvent done
Event: 39.568 Loading class java/util/concurrent/Executors$DelegatedScheduledExecutorService
Event: 39.568 Loading class java/util/concurrent/Executors$DelegatedScheduledExecutorService done
Event: 39.774 Loading class java/lang/ProcessImpl$2
Event: 39.775 Loading class java/lang/ProcessImpl$2 done
Event: 39.839 Loading class jdk/internal/event/ProcessStartEvent
Event: 39.840 Loading class jdk/internal/event/ProcessStartEvent done
Event: 43.476 Loading class java/nio/ByteBufferAsShortBufferL
Event: 43.477 Loading class java/nio/ByteBufferAsShortBufferL done
Event: 43.858 Loading class java/util/zip/Adler32
Event: 43.858 Loading class java/util/zip/Adler32 done

Classes unloaded (19 events):
Event: 22.558 Thread 0x0000023ca84f3700 Unloading class 0x0000023cad885000 'java/lang/invoke/LambdaForm$MH+0x0000023cad885000'
Event: 22.558 Thread 0x0000023ca84f3700 Unloading class 0x0000023cad884c00 'java/lang/invoke/LambdaForm$DMH+0x0000023cad884c00'
Event: 29.512 Thread 0x0000023ca84f3700 Unloading class 0x0000023cadb81c00 'java/lang/invoke/LambdaForm$DMH+0x0000023cadb81c00'
Event: 29.512 Thread 0x0000023ca84f3700 Unloading class 0x0000023cadb81800 'java/lang/invoke/LambdaForm$DMH+0x0000023cadb81800'
Event: 29.512 Thread 0x0000023ca84f3700 Unloading class 0x0000023cadb81400 'java/lang/invoke/LambdaForm$DMH+0x0000023cadb81400'
Event: 29.512 Thread 0x0000023ca84f3700 Unloading class 0x0000023cadb81000 'java/lang/invoke/LambdaForm$DMH+0x0000023cadb81000'
Event: 29.512 Thread 0x0000023ca84f3700 Unloading class 0x0000023cadb80800 'java/lang/invoke/LambdaForm$DMH+0x0000023cadb80800'
Event: 29.512 Thread 0x0000023ca84f3700 Unloading class 0x0000023cadabc800 'java/lang/invoke/LambdaForm$DMH+0x0000023cadabc800'
Event: 29.512 Thread 0x0000023ca84f3700 Unloading class 0x0000023cadabc400 'java/lang/invoke/LambdaForm$DMH+0x0000023cadabc400'
Event: 34.910 Thread 0x0000023ca84f3700 Unloading class 0x0000023cadc24400 'java/lang/invoke/LambdaForm$DMH+0x0000023cadc24400'
Event: 34.910 Thread 0x0000023ca84f3700 Unloading class 0x0000023cadc24800 'java/lang/invoke/LambdaForm$DMH+0x0000023cadc24800'
Event: 34.910 Thread 0x0000023ca84f3700 Unloading class 0x0000023cadbf0c00 'java/lang/invoke/LambdaForm$DMH+0x0000023cadbf0c00'
Event: 34.910 Thread 0x0000023ca84f3700 Unloading class 0x0000023cadbf0800 'java/lang/invoke/LambdaForm$DMH+0x0000023cadbf0800'
Event: 38.492 Thread 0x0000023ca84f3700 Unloading class 0x0000023cadcf5000 'java/lang/invoke/LambdaForm$DMH+0x0000023cadcf5000'
Event: 38.492 Thread 0x0000023ca84f3700 Unloading class 0x0000023cadce0400 'java/lang/invoke/LambdaForm$DMH+0x0000023cadce0400'
Event: 38.492 Thread 0x0000023ca84f3700 Unloading class 0x0000023cadcdc000 'java/lang/invoke/LambdaForm$DMH+0x0000023cadcdc000'
Event: 38.492 Thread 0x0000023ca84f3700 Unloading class 0x0000023cadcd1000 'java/lang/invoke/LambdaForm$DMH+0x0000023cadcd1000'
Event: 38.492 Thread 0x0000023ca84f3700 Unloading class 0x0000023cadcd0c00 'java/lang/invoke/LambdaForm$DMH+0x0000023cadcd0c00'
Event: 38.492 Thread 0x0000023ca84f3700 Unloading class 0x0000023cadcd0400 'java/lang/invoke/LambdaForm$DMH+0x0000023cadcd0400'

Classes redefined (0 events):
No events

Internal exceptions (20 events):
Event: 75.763 Thread 0x0000023cf7021a40 Exception <a 'sun/nio/fs/WindowsException'{0x000000072c48dd08}> (0x000000072c48dd08) 
thrown [s\src\hotspot\share\prims\jni.cpp, line 537]
Event: 75.763 Thread 0x0000023cf7021a40 Exception <a 'sun/nio/fs/WindowsException'{0x000000072c48ef68}> (0x000000072c48ef68) 
thrown [s\src\hotspot\share\prims\jni.cpp, line 537]
Event: 75.767 Thread 0x0000023cf7021a40 Exception <a 'sun/nio/fs/WindowsException'{0x000000072c496578}> (0x000000072c496578) 
thrown [s\src\hotspot\share\prims\jni.cpp, line 537]
Event: 75.767 Thread 0x0000023cf7021a40 Exception <a 'sun/nio/fs/WindowsException'{0x000000072c497770}> (0x000000072c497770) 
thrown [s\src\hotspot\share\prims\jni.cpp, line 537]
Event: 76.301 Thread 0x0000023cf7021a40 Exception <a 'sun/nio/fs/WindowsException'{0x0000000735be9520}> (0x0000000735be9520) 
thrown [s\src\hotspot\share\prims\jni.cpp, line 537]
Event: 76.409 Thread 0x0000023cf7021a40 Exception <a 'sun/nio/fs/WindowsException'{0x0000000732a1ece8}> (0x0000000732a1ece8) 
thrown [s\src\hotspot\share\prims\jni.cpp, line 537]
Event: 76.409 Thread 0x0000023cf7021a40 Exception <a 'sun/nio/fs/WindowsException'{0x0000000732a1fb48}> (0x0000000732a1fb48) 
thrown [s\src\hotspot\share\prims\jni.cpp, line 537]
Event: 76.410 Thread 0x0000023cf7021a40 Exception <a 'sun/nio/fs/WindowsException'{0x0000000732a215b0}> (0x0000000732a215b0) 
thrown [s\src\hotspot\share\prims\jni.cpp, line 537]
Event: 76.496 Thread 0x0000023cf7021a40 Exception <a 'sun/nio/fs/WindowsException'{0x0000000732a43a60}> (0x0000000732a43a60) 
thrown [s\src\hotspot\share\prims\jni.cpp, line 537]
Event: 76.496 Thread 0x0000023cf7021a40 Exception <a 'sun/nio/fs/WindowsException'{0x0000000732a44928}> (0x0000000732a44928) 
thrown [s\src\hotspot\share\prims\jni.cpp, line 537]
Event: 76.496 Thread 0x0000023cf7021a40 Exception <a 'sun/nio/fs/WindowsException'{0x0000000732a45a38}> (0x0000000732a45a38) 
thrown [s\src\hotspot\share\prims\jni.cpp, line 537]
Event: 76.497 Thread 0x0000023cf7021a40 Exception <a 'sun/nio/fs/WindowsException'{0x0000000732a46c98}> (0x0000000732a46c98) 
thrown [s\src\hotspot\share\prims\jni.cpp, line 537]
Event: 76.507 Thread 0x0000023cf7021a40 Exception <a 'sun/nio/fs/WindowsException'{0x0000000732a606e8}> (0x0000000732a606e8) 
thrown [s\src\hotspot\share\prims\jni.cpp, line 537]
Event: 76.543 Thread 0x0000023cf7021a40 Exception <a 'sun/nio/fs/WindowsException'{0x0000000732a81208}> (0x0000000732a81208) 
thrown [s\src\hotspot\share\prims\jni.cpp, line 537]
Event: 76.544 Thread 0x0000023cf7021a40 Exception <a 'sun/nio/fs/WindowsException'{0x0000000732a84d40}> (0x0000000732a84d40) 
thrown [s\src\hotspot\share\prims\jni.cpp, line 537]
Event: 76.544 Thread 0x0000023cf7021a40 Exception <a 'sun/nio/fs/WindowsException'{0x0000000732a85c08}> (0x0000000732a85c08) 
thrown [s\src\hotspot\share\prims\jni.cpp, line 537]
Event: 76.544 Thread 0x0000023cf7021a40 Exception <a 'sun/nio/fs/WindowsException'{0x0000000732a86d18}> (0x0000000732a86d18) 
thrown [s\src\hotspot\share\prims\jni.cpp, line 537]
Event: 76.545 Thread 0x0000023cf7021a40 Exception <a 'sun/nio/fs/WindowsException'{0x0000000732a87f78}> (0x0000000732a87f78) 
thrown [s\src\hotspot\share\prims\jni.cpp, line 537]
Event: 76.548 Thread 0x0000023cf7021a40 Exception <a 'sun/nio/fs/WindowsException'{0x0000000732a8f490}> (0x0000000732a8f490) 
thrown [s\src\hotspot\share\prims\jni.cpp, line 537]
Event: 76.548 Thread 0x0000023cf7021a40 Exception <a 'sun/nio/fs/WindowsException'{0x0000000732a90668}> (0x0000000732a90668) 
thrown [s\src\hotspot\share\prims\jni.cpp, line 537]

ZGC Phase Switch (0 events):
No events

VM Operations (20 events):
Event: 70.742 Executing safepoint VM operation: ICBufferFull done
Event: 70.953 Executing safepoint VM operation: G1CollectForAllocation (G1 Evacuation Pause)
Event: 71.012 Executing safepoint VM operation: G1CollectForAllocation (G1 Evacuation Pause) done
Event: 71.674 Executing safepoint VM operation: G1PauseRemark
Event: 71.698 Executing safepoint VM operation: G1PauseRemark done
Event: 72.149 Executing safepoint VM operation: G1PauseCleanup
Event: 72.150 Executing safepoint VM operation: G1PauseCleanup done
Event: 72.542 Executing safepoint VM operation: G1CollectForAllocation (G1 Evacuation Pause)
Event: 72.609 Executing safepoint VM operation: G1CollectForAllocation (G1 Evacuation Pause) done
Event: 73.614 Executing safepoint VM operation: Cleanup
Event: 73.629 Executing safepoint VM operation: Cleanup done
Event: 73.948 Executing safepoint VM operation: G1CollectForAllocation (G1 Evacuation Pause)
Event: 74.005 Executing safepoint VM operation: G1CollectForAllocation (G1 Evacuation Pause) done
Event: 74.973 Executing safepoint VM operation: G1CollectForAllocation (G1 Evacuation Pause)
Event: 75.035 Executing safepoint VM operation: G1CollectForAllocation (G1 Evacuation Pause) done
Event: 75.943 Executing safepoint VM operation: G1CollectForAllocation (G1 Evacuation Pause)
Event: 75.993 Executing safepoint VM operation: G1CollectForAllocation (G1 Evacuation Pause) done
Event: 77.002 Executing safepoint VM operation: Cleanup
Event: 77.018 Executing safepoint VM operation: Cleanup done
Event: 77.042 Executing safepoint VM operation: G1CollectForAllocation (G1 Evacuation Pause)

Memory protections (0 events):
No events

Nmethod flushes (20 events):
Event: 71.696 Thread 0x0000023ca84f3700 flushing  nmethod 0x0000023c95338210
Event: 71.696 Thread 0x0000023ca84f3700 flushing  nmethod 0x0000023c95338710
Event: 71.696 Thread 0x0000023ca84f3700 flushing  nmethod 0x0000023c953aee90
Event: 71.696 Thread 0x0000023ca84f3700 flushing  nmethod 0x0000023c953b4b90
Event: 71.696 Thread 0x0000023ca84f3700 flushing  nmethod 0x0000023c953b5290
Event: 71.696 Thread 0x0000023ca84f3700 flushing  nmethod 0x0000023c953b6210
Event: 71.696 Thread 0x0000023ca84f3700 flushing  nmethod 0x0000023c95471510
Event: 71.696 Thread 0x0000023ca84f3700 flushing  nmethod 0x0000023c955a2290
Event: 71.696 Thread 0x0000023ca84f3700 flushing  nmethod 0x0000023c955a2a10
Event: 71.696 Thread 0x0000023ca84f3700 flushing  nmethod 0x0000023c95630b90
Event: 71.696 Thread 0x0000023ca84f3700 flushing  nmethod 0x0000023c95636210
Event: 71.696 Thread 0x0000023ca84f3700 flushing  nmethod 0x0000023c9563a290
Event: 71.696 Thread 0x0000023ca84f3700 flushing  nmethod 0x0000023c95643b90
Event: 71.696 Thread 0x0000023ca84f3700 flushing  nmethod 0x0000023c95644490
Event: 71.696 Thread 0x0000023ca84f3700 flushing  nmethod 0x0000023c95644f90
Event: 71.696 Thread 0x0000023ca84f3700 flushing  nmethod 0x0000023c95a94e10
Event: 71.696 Thread 0x0000023ca84f3700 flushing  nmethod 0x0000023c95c7e510
Event: 71.696 Thread 0x0000023ca84f3700 flushing  nmethod 0x0000023c95c7ea90
Event: 71.696 Thread 0x0000023ca84f3700 flushing  nmethod 0x0000023c95eb5910
Event: 71.696 Thread 0x0000023ca84f3700 flushing  nmethod 0x0000023c95ebd410

Events (20 events):
Event: 25.515 Thread 0x0000023cf98f7fd0 Thread added: 0x0000023cf98f8cf0
Event: 25.520 Thread 0x0000023cf98f7fd0 Thread added: 0x0000023cf98f9a10
Event: 25.562 Thread 0x0000023cf98f7fd0 Thread added: 0x0000023cf98fa0a0
Event: 25.592 Thread 0x0000023cf98f7fd0 Thread added: 0x0000023cf98fa730
Event: 25.595 Thread 0x0000023cf98f7fd0 Thread added: 0x0000023cf98fadc0
Event: 25.597 Thread 0x0000023cf98f7fd0 Thread added: 0x0000023cf6f42900
Event: 25.600 Thread 0x0000023cf98f7fd0 Thread added: 0x0000023cf6f43cb0
Event: 25.623 Thread 0x0000023cf98f7fd0 Thread added: 0x0000023cf6f42f90
Event: 27.737 Thread 0x0000023cf98fadc0 Thread exited: 0x0000023cf98fadc0
Event: 28.428 Thread 0x0000023cf8c35cf0 Thread added: 0x0000023cf6f46aa0
Event: 28.498 Thread 0x0000023cf8c35cf0 Thread added: 0x0000023cf6f45d80
Event: 28.505 Thread 0x0000023cf8c35cf0 Thread added: 0x0000023cf6f449d0
Event: 28.506 Thread 0x0000023cf8c35cf0 Thread added: 0x0000023cf6f456f0
Event: 28.506 Thread 0x0000023cf8c35cf0 Thread added: 0x0000023cf6f46410
Event: 28.508 Thread 0x0000023cf8c35cf0 Thread added: 0x0000023cf6f47130
Event: 28.508 Thread 0x0000023cf8c35cf0 Thread added: 0x0000023cf6f47e50
Event: 28.509 Thread 0x0000023cf8c35cf0 Thread added: 0x0000023cf6f477c0
Event: 39.571 Thread 0x0000023cf8c35cf0 Thread added: 0x0000023cf4e65b30
Event: 39.851 Thread 0x0000023cf8c35cf0 Thread added: 0x0000023cf7f6a4d0
Event: 39.851 Thread 0x0000023cf8c35cf0 Thread added: 0x0000023cf7f69120


Dynamic libraries:
0x00007ff7b2d40000 - 0x00007ff7b2d4a000 	C:\Users\mutha_rx3lv8e\.jdks\jbr-21.0.11\bin\java.exe
0x00007ffe6da80000 - 0x00007ffe6dce6000 	C:\WINDOWS\SYSTEM32\ntdll.dll
0x00007ffe6cd90000 - 0x00007ffe6ce59000 	C:\WINDOWS\System32\KERNEL32.DLL
0x00007ffe6af00000 - 0x00007ffe6b300000 	C:\WINDOWS\System32\KERNELBASE.dll
0x00007ffe6b480000 - 0x00007ffe6b5cc000 	C:\WINDOWS\System32\ucrtbase.dll
0x00007ffe50ae0000 - 0x00007ffe50af8000 	C:\Users\mutha_rx3lv8e\.jdks\jbr-21.0.11\bin\jli.dll
0x00007ffe50520000 - 0x00007ffe5053e000 	C:\Users\mutha_rx3lv8e\.jdks\jbr-21.0.11\bin\VCRUNTIME140.dll
0x00007ffe6c060000 - 0x00007ffe6c226000 	C:\WINDOWS\System32\USER32.dll
0x00007ffe43c30000 - 0x00007ffe43ec0000 	C:\WINDOWS\WinSxS\amd64_microsoft.windows.common-controls_6595b64144ccf1df_6.0.26100.9022_none_3e08a32ee33418e6\COMCTL32.dll
0x00007ffe6b670000 - 0x00007ffe6b697000 	C:\WINDOWS\System32\win32u.dll
0x00007ffe6bda0000 - 0x00007ffe6be49000 	C:\WINDOWS\System32\msvcrt.dll
0x00007ffe6cc40000 - 0x00007ffe6cc6b000 	C:\WINDOWS\System32\GDI32.dll
0x00007ffe6b6a0000 - 0x00007ffe6b7c9000 	C:\WINDOWS\System32\gdi32full.dll
0x00007ffe6b3d0000 - 0x00007ffe6b473000 	C:\WINDOWS\System32\msvcp_win.dll
0x00007ffe6d370000 - 0x00007ffe6d3a2000 	C:\WINDOWS\System32\IMM32.DLL
0x00007ffe51fa0000 - 0x00007ffe52092000 	C:\Program Files\Windhawk\Engine\1.7.3\64\windhawk.dll
0x00007ffe6b850000 - 0x00007ffe6b90b000 	C:\WINDOWS\System32\ADVAPI32.dll
0x00007ffe6d800000 - 0x00007ffe6d8a8000 	C:\WINDOWS\System32\sechost.dll
0x00007ffe6cc70000 - 0x00007ffe6cd88000 	C:\WINDOWS\System32\RPCRT4.dll
0x00007ffe51ee0000 - 0x00007ffe51f3e000 	C:\ProgramData\Windhawk\Engine\Mods\64\icon-resource-redirect_1.3_690545.dll
0x00007ffe6cf60000 - 0x00007ffe6d0f9000 	C:\WINDOWS\System32\ole32.dll
0x00007ffe6d410000 - 0x00007ffe6d795000 	C:\WINDOWS\System32\combase.dll
0x00007ffe6bec0000 - 0x00007ffe6bf99000 	C:\WINDOWS\System32\OLEAUT32.dll
0x00007ffe6c250000 - 0x00007ffe6c9d9000 	C:\WINDOWS\System32\SHELL32.dll
0x00007ffe51d30000 - 0x00007ffe51ed9000 	C:\ProgramData\Windhawk\Engine\Mods\64\libc++.whl
0x00007ffe51f40000 - 0x00007ffe51f7a000 	C:\ProgramData\Windhawk\Engine\Mods\64\libunwind.whl
0x00007ffe6ce60000 - 0x00007ffe6cf5b000 	C:\WINDOWS\System32\shcore.dll
0x00007ffe51aa0000 - 0x00007ffe51c4a000 	C:\WINDOWS\SYSTEM32\dui70.dll
0x00007ffe51a70000 - 0x00007ffe51a99000 	C:\ProgramData\Windhawk\Engine\Mods\64\macos-minimize-animation_3.1.3_193825.dll
0x00007ffe66620000 - 0x00007ffe66c5a000 	C:\WINDOWS\SYSTEM32\d2d1.dll
0x00007ffe68020000 - 0x00007ffe6804f000 	C:\WINDOWS\SYSTEM32\dwmapi.dll
0x00007ffe5ad40000 - 0x00007ffe5ad4c000 	C:\Users\mutha_rx3lv8e\.jdks\jbr-21.0.11\bin\vcruntime140_1.dll
0x00007ffe05b80000 - 0x00007ffe05c09000 	C:\Users\mutha_rx3lv8e\.jdks\jbr-21.0.11\bin\msvcp140.dll
0x00007ffdc62f0000 - 0x00007ffdc70be000 	C:\Users\mutha_rx3lv8e\.jdks\jbr-21.0.11\bin\server\jvm.dll
0x00007ffe6cab0000 - 0x00007ffe6cb30000 	C:\WINDOWS\System32\WS2_32.dll
0x00007ffe6ab10000 - 0x00007ffe6ab6e000 	C:\WINDOWS\SYSTEM32\POWRPROF.dll
0x00007ffe52440000 - 0x00007ffe52476000 	C:\WINDOWS\SYSTEM32\WINMM.dll
0x00007ffe5ccc0000 - 0x00007ffe5cccb000 	C:\WINDOWS\SYSTEM32\VERSION.dll
0x00007ffe6aaf0000 - 0x00007ffe6ab05000 	C:\WINDOWS\SYSTEM32\UMPDC.dll
0x00007ffe69940000 - 0x00007ffe6995b000 	C:\WINDOWS\SYSTEM32\kernel.appcore.dll
0x00007ffe5a0a0000 - 0x00007ffe5a0aa000 	C:\Users\mutha_rx3lv8e\.jdks\jbr-21.0.11\bin\jimage.dll
0x00007ffe68290000 - 0x00007ffe684d2000 	C:\WINDOWS\SYSTEM32\DBGHELP.DLL
0x00007ffe53e70000 - 0x00007ffe53eab000 	C:\WINDOWS\SYSTEM32\dbgcore.DLL
0x00007ffe6b310000 - 0x00007ffe6b3bc000 	C:\WINDOWS\System32\bcryptPrimitives.dll
0x00007ffe50f70000 - 0x00007ffe50f80000 	C:\Users\mutha_rx3lv8e\.jdks\jbr-21.0.11\bin\instrument.dll
0x00007ffe4d9f0000 - 0x00007ffe4da11000 	C:\Users\mutha_rx3lv8e\.jdks\jbr-21.0.11\bin\java.dll
0x00007ffe686e0000 - 0x00007ffe68f82000 	C:\WINDOWS\SYSTEM32\windows.storage.dll
0x00007ffe6be50000 - 0x00007ffe6beb6000 	C:\WINDOWS\System32\shlwapi.dll
0x00007ffe6abd0000 - 0x00007ffe6abf8000 	C:\WINDOWS\SYSTEM32\profapi.dll
0x00007ffdf8ab0000 - 0x00007ffdf8b87000 	C:\Users\mutha_rx3lv8e\.jdks\jbr-21.0.11\bin\jsvml.dll
0x00007ffe4ce50000 - 0x00007ffe4ce68000 	C:\Users\mutha_rx3lv8e\.jdks\jbr-21.0.11\bin\zip.dll
0x00007ffe4ca40000 - 0x00007ffe4ca51000 	C:\Users\mutha_rx3lv8e\.jdks\jbr-21.0.11\bin\net.dll
0x00007ffe63cf0000 - 0x00007ffe63e13000 	C:\WINDOWS\SYSTEM32\WINHTTP.dll
0x00007ffe69ee0000 - 0x00007ffe69f4c000 	C:\WINDOWS\system32\mswsock.dll
0x00007ffe460a0000 - 0x00007ffe460b6000 	C:\Users\mutha_rx3lv8e\.jdks\jbr-21.0.11\bin\nio.dll
0x00007ffe50e40000 - 0x00007ffe50e50000 	C:\Users\mutha_rx3lv8e\.jdks\jbr-21.0.11\bin\verify.dll
0x00007ffe50ca0000 - 0x00007ffe50cc7000 	C:\Users\mutha_rx3lv8e\.gradle\native\1def1411415f61bf3af743bc5b6707747c0891f09f0c88961ee8f79bc544acac\windows-amd64\native-platform.dll
0x00007ffe500d0000 - 0x00007ffe50148000 	C:\Users\mutha_rx3lv8e\.gradle\native\0.2.7\x86_64-windows-gnu\gradle-fileevents.dll
0x00007ffe50c70000 - 0x00007ffe50c7a000 	C:\Users\mutha_rx3lv8e\.jdks\jbr-21.0.11\bin\management.dll
0x00007ffe50ad0000 - 0x00007ffe50adc000 	C:\Users\mutha_rx3lv8e\.jdks\jbr-21.0.11\bin\management_ext.dll
0x00007ffe6d7f0000 - 0x00007ffe6d7f8000 	C:\WINDOWS\System32\PSAPI.DLL
0x00007ffe692f0000 - 0x00007ffe69323000 	C:\WINDOWS\SYSTEM32\IPHLPAPI.DLL
0x00007ffe6caa0000 - 0x00007ffe6caaa000 	C:\WINDOWS\System32\NSI.dll
0x00007ffe50a90000 - 0x00007ffe50a99000 	C:\Users\mutha_rx3lv8e\.jdks\jbr-21.0.11\bin\extnet.dll
0x00007ffe6a300000 - 0x00007ffe6a31b000 	C:\WINDOWS\SYSTEM32\CRYPTSP.dll
0x00007ffe698a0000 - 0x00007ffe698d9000 	C:\WINDOWS\system32\rsaenh.dll
0x00007ffe69f90000 - 0x00007ffe69fc3000 	C:\WINDOWS\SYSTEM32\USERENV.dll
0x00007ffe6aba0000 - 0x00007ffe6abca000 	C:\WINDOWS\SYSTEM32\bcrypt.dll
0x00007ffe6a2d0000 - 0x00007ffe6a2dc000 	C:\WINDOWS\SYSTEM32\CRYPTBASE.dll
0x00007ffe50910000 - 0x00007ffe5091e000 	C:\Users\mutha_rx3lv8e\.jdks\jbr-21.0.11\bin\sunmscapi.dll
0x00007ffe6ad70000 - 0x00007ffe6aeee000 	C:\WINDOWS\System32\CRYPT32.dll
0x00007ffe6a470000 - 0x00007ffe6a4a0000 	C:\WINDOWS\SYSTEM32\ncrypt.dll
0x00007ffe6a420000 - 0x00007ffe6a45f000 	C:\WINDOWS\SYSTEM32\NTASN1.dll
0x00007ffe47f10000 - 0x00007ffe47f18000 	C:\WINDOWS\system32\wshunix.dll

JVMTI agents:
C:\Users\mutha_rx3lv8e\.gradle\wrapper\dists\gradle-8.14.5-bin\690y85m0j9nfaub7xoiayko8a\gradle-8.14.5\lib\agents\gradle-instrumentation-agent-8.14.5.jar path:C:\Users\mutha_rx3lv8e\.jdks\jbr-21.0.11\bin\instrument.dll, loaded, initialized, instrumentlib options:none

dbghelp: loaded successfully - version: 4.0.5 - missing functions: none
symbol engine: initialized successfully - sym options: 0x614 - pdb path: .;C:\Users\mutha_rx3lv8e\.jdks\jbr-21.0.11\bin;C:\WINDOWS\SYSTEM32;C:\WINDOWS\WinSxS\amd64_microsoft.windows.common-controls_6595b64144ccf1df_6.0.26100.9022_none_3e08a32ee33418e6;C:\Program Files\Windhawk\Engine\1.7.3\64;C:\ProgramData\Windhawk\Engine\Mods\64;C:\Users\mutha_rx3lv8e\.jdks\jbr-21.0.11\bin\server;C:\Users\mutha_rx3lv8e\.gradle\native\1def1411415f61bf3af743bc5b6707747c0891f09f0c88961ee8f79bc544acac\windows-amd64;C:\Users\mutha_rx3lv8e\.gradle\native\0.2.7\x86_64-windows-gnu

VM Arguments:
jvm_args: --add-opens=java.base/java.lang=ALL-UNNAMED --add-opens=java.base/java.lang.invoke=ALL-UNNAMED --add-opens=java.base/java.util=ALL-UNNAMED --add-opens=java.prefs/java.util.prefs=ALL-UNNAMED --add-exports=jdk.compiler/com.sun.tools.javac.api=ALL-UNNAMED --add-exports=jdk.compiler/com.sun.tools.javac.util=ALL-UNNAMED --add-opens=java.base/java.util=ALL-UNNAMED --add-opens=java.prefs/java.util.prefs=ALL-UNNAMED --add-opens=java.base/java.nio.charset=ALL-UNNAMED --add-opens=java.base/java.net=ALL-UNNAMED --add-opens=java.base/java.util.concurrent.atomic=ALL-UNNAMED --add-opens=java.xml/javax.xml.namespace=ALL-UNNAMED -Xmx4096M -Dfile.encoding=UTF-8 -Duser.country=US -Duser.language=en -Duser.variant -javaagent:C:\Users\mutha_rx3lv8e\.gradle\wrapper\dists\gradle-8.14.5-bin\690y85m0j9nfaub7xoiayko8a\gradle-8.14.5\lib\agents\gradle-instrumentation-agent-8.14.5.jar 
java_command: org.gradle.launcher.daemon.bootstrap.GradleDaemon 8.14.5
java_class_path (initial): C:\Users\mutha_rx3lv8e\.gradle\wrapper\dists\gradle-8.14.5-bin\690y85m0j9nfaub7xoiayko8a\gradle-8.14.5\lib\gradle-daemon-main-8.14.5.jar
Launcher Type: SUN_STANDARD

[Global flags]
     intx CICompilerCount                          = 4                                         {product} {ergonomic}
     uint ConcGCThreads                            = 2                                         {product} {ergonomic}
     uint G1ConcRefinementThreads                  = 8                                         {product} {ergonomic}
   size_t G1HeapRegionSize                         = 2097152                                   {product} {ergonomic}
    uintx GCDrainStackTargetSize                   = 64                                        {product} {ergonomic}
   size_t InitialHeapSize                          = 266338304                                 {product} {ergonomic}
   size_t MarkStackSize                            = 4194304                                   {product} {ergonomic}
   size_t MaxHeapSize                              = 4294967296                                {product} {command line}
   size_t MaxNewSize                               = 2575302656                                {product} {ergonomic}
   size_t MinHeapDeltaBytes                        = 2097152                                   {product} {ergonomic}
   size_t MinHeapSize                              = 8388608                                   {product} {ergonomic}
    uintx NonNMethodCodeHeapSize                   = 5839372                                {pd product} {ergonomic}
    uintx NonProfiledCodeHeapSize                  = 122909434                              {pd product} {ergonomic}
    uintx ProfiledCodeHeapSize                     = 122909434                              {pd product} {ergonomic}
    uintx ReservedCodeCacheSize                    = 251658240                              {pd product} {ergonomic}
     bool SegmentedCodeCache                       = true                                      {product} {ergonomic}
   size_t SoftMaxHeapSize                          = 4294967296                             {manageable} {ergonomic}
     bool UseCompressedOops                        = true                           {product lp64_product} {ergonomic}
     bool UseG1GC                                  = true                                      {product} {ergonomic}
     bool UseLargePagesIndividualAllocation        = false                                  {pd product} {ergonomic}

Logging:
Log output configuration:
 #0: stdout all=warning uptime,level,tags foldmultilines=false
 #1: stderr all=off uptime,level,tags foldmultilines=false

Release file:
JAVA_VERSION="21.0.11" 
MODULES="java.base java.compiler java.datatransfer java.xml java.prefs java.desktop java.instrument java.logging java.management java.security.sasl java.naming java.rmi java.management.rmi java.net.http java.scripting java.security.jgss java.transaction.xa java.sql java.sql.rowset java.xml.crypto java.se java.smartcardio jdk.accessibility jdk.internal.jvmstat jdk.attach jdk.charsets jdk.internal.opt jdk.zipfs jdk.compiler jdk.crypto.ec jdk.crypto.cryptoki jdk.crypto.mscapi jdk.dynalink jdk.internal.ed jdk.editpad jdk.hotspot.agent jdk.httpserver jdk.incubator.vector jdk.internal.le jdk.internal.vm.ci jdk.internal.vm.compiler jdk.internal.vm.compiler.management jdk.jartool jdk.javadoc jdk.jcmd jdk.management jdk.management.agent jdk.jconsole jdk.jdeps jdk.jdwp.agent jdk.jdi jdk.jfr jdk.jlink jdk.jpackage jdk.jshell jdk.jsobject jdk.jstatd jdk.localedata jdk.management.jfr jdk.naming.dns jdk.naming.rmi jdk.net jdk.nio.mapmode jdk.random jdk.sctp jdk.security.auth jdk.security.jgss jdk.unsupported jdk.unsupported.desktop jdk.xml.dom" 
IMPLEMENTOR="JetBrains s.r.o." 
IMPLEMENTOR_VERSION="JBRSDK-21.0.11+1-1163.116-nomod" 
JAVA_RUNTIME_VERSION="21.0.11+1-b1163.116" 
LIBC="default" 
OS_ARCH="x86_64" 
OS_NAME="Windows" 
SOURCE=".:git:cf1f197170a0+" 

Environment Variables:
PATH=C:\WINDOWS\system32;C:\WINDOWS;C:\WINDOWS\System32\Wbem;C:\WINDOWS\System32\WindowsPowerShell\v1.0\;C:\WINDOWS\System32\OpenSSH\;C:\Program Files\nodejs\;C:\Program Files\Git\cmd;c:\Users\mutha_rx3lv8e\AppData\Local\Programs\cursor\resources\app\codeBin;C:\Users\mutha_rx3lv8e\AppData\Local\Microsoft\WindowsApps;C:\Users\mutha_rx3lv8e\AppData\Roaming\npm;C:\Users\mutha_rx3lv8e\AppData\Local\Programs\Microsoft VS Code\bin;C:\Users\mutha_rx3lv8e\AppData\Local\Programs\cursor\resources\app\bin;C:\Users\mutha_rx3lv8e\AppData\Local\Python\bin;C:\Users\mutha_rx3lv8e\AppData\Local\Programs\Ollama;
USERNAME=mutha_rx3lv8e
OS=Windows_NT
PROCESSOR_IDENTIFIER=Intel64 Family 6 Model 142 Stepping 12, GenuineIntel
TMP=C:\Users\MUTHA_~1\AppData\Local\Temp
TEMP=C:\Users\MUTHA_~1\AppData\Local\Temp




Periodic native trim disabled

JNI global refs:
JNI global refs: 30, weak refs: 118

JNI global refs memory usage: 835, weak refs: 3993

Process memory usage:
Resident Set Size: 1533268K (9% of 16587544K total physical memory with 597988K free physical memory)

OOME stack traces (most recent first):
Classloader memory used:
Loader org.gradle.internal.classloader.VisitableURLClassLoader$InstrumentingVisitableURLClassLoader: 36982K
Loader org.gradle.internal.classloader.VisitableURLClassLoader                         : 33444K
Loader bootstrap                                                                       : 12196K
Loader org.gradle.initialization.MixInLegacyTypesClassLoader                           : 7614K
Loader jdk.internal.reflect.DelegatingClassLoader                                      : 1229K
Loader jdk.internal.loader.ClassLoaders$PlatformClassLoader                            : 560K
Loader jdk.internal.loader.ClassLoaders$AppClassLoader                                 : 241K

Classes loaded by more than one classloader:
Class com.google.common.base.PairwiseEquivalence                                      : loaded 2 times (x 83B)
Class com.google.common.base.Equivalence$Identity                                     : loaded 2 times (x 82B)
Class com.google.common.collect.RegularImmutableMap$KeySet                            : loaded 2 times (x 152B)
Class org.gradle.internal.classloader.FilteringClassLoader                            : loaded 2 times (x 105B)
Class org.gradle.internal.classloader.ClassLoaderHierarchy                            : loaded 2 times (x 70B)
Class com.google.common.collect.ImmutableEnumSet                                      : loaded 2 times (x 146B)
Class com.google.common.util.concurrent.ExecutionError                                : loaded 2 times (x 82B)
Class com.google.common.collect.ImmutableList$1                                       : loaded 2 times (x 97B)
Class com.google.common.collect.AbstractMapBasedMultimap$WrappedCollection            : loaded 2 times (x 124B)
Class org.gradle.api.internal.classpath.ManifestUtil                                  : loaded 2 times (x 71B)
Class com.google.common.io.ByteArrayDataOutput                                        : loaded 2 times (x 70B)
Class com.google.common.collect.RegularImmutableMap                                   : loaded 2 times (x 121B)
Class com.google.common.collect.ImmutableMap$MapViewOfValuesAsSingletonSets           : loaded 2 times (x 126B)
Class com.google.common.collect.UnmodifiableListIterator                              : loaded 2 times (x 95B)
Class com.google.common.base.Platform$JdkPatternCompiler                              : loaded 2 times (x 75B)
Class [Lcom.google.common.cache.CacheBuilder$OneWeigher;                              : loaded 2 times (x 69B)
Class com.google.common.base.Suppliers                                                : loaded 2 times (x 71B)
Class org.gradle.internal.classloader.DefaultClassLoaderFactory                       : loaded 2 times (x 82B)
Class org.gradle.internal.classloader.ClassLoaderVisitor                              : loaded 2 times (x 76B)
Class [Lcom.google.common.collect.ImmutableMapEntry;                                  : loaded 2 times (x 69B)
Class org.gradle.api.internal.classpath.EffectiveClassPath                            : loaded 2 times (x 90B)
Class com.google.common.collect.ImmutableRangeSet                                     : loaded 2 times (x 115B)
Class com.google.common.collect.ImmutableEnumMap                                      : loaded 2 times (x 126B)
Class com.google.common.collect.ListMultimap                                          : loaded 2 times (x 70B)
Class com.google.common.collect.Sets$1                                                : loaded 2 times (x 139B)
Class org.gradle.api.internal.DefaultClassPathProvider                                : loaded 2 times (x 76B)
Class com.google.common.collect.Sets$2                                                : loaded 2 times (x 139B)
Class [Lorg.gradle.api.internal.ClassPathProvider;                                    : loaded 2 times (x 69B)
Class org.gradle.api.internal.ClassPathProvider                                       : loaded 2 times (x 70B)
Class com.google.common.collect.Sets$3                                                : loaded 2 times (x 139B)
Class com.google.common.cache.LocalCache$LocalLoadingCache                            : loaded 2 times (x 134B)
Class org.gradle.internal.service.UnknownServiceException                             : loaded 2 times (x 83B)
Class com.google.common.collect.Sets$4                                                : loaded 2 times (x 139B)
Class com.google.common.io.ByteArrayDataInput                                         : loaded 2 times (x 70B)
Class com.google.common.cache.LocalCache$Strength$1                                   : loaded 2 times (x 81B)
Class com.google.common.util.concurrent.SettableFuture                                : loaded 2 times (x 114B)
Class com.google.common.cache.LocalCache$Strength$2                                   : loaded 2 times (x 81B)
Class com.google.common.io.ByteStreams                                                : loaded 2 times (x 71B)
Class com.google.common.cache.LocalCache$Strength$3                                   : loaded 2 times (x 81B)
Class com.google.common.collect.MapDifference                                         : loaded 2 times (x 70B)
Class com.google.common.cache.CacheBuilder$NullListener                               : loaded 2 times (x 82B)
Class org.gradle.internal.classpath.TransformedClassPath                              : loaded 2 times (x 96B)
Class org.gradle.internal.classloader.InstrumentingClassLoader                        : loaded 2 times (x 70B)
Class com.google.common.collect.ImmutableRangeSet$AsSet                               : loaded 2 times (x 300B)
Class com.google.common.collect.ImmutableCollection$Builder                           : loaded 2 times (x 76B)
Class com.google.common.collect.Iterators$ArrayItr                                    : loaded 2 times (x 97B)
Class com.google.common.cache.CacheLoader$FunctionToCacheLoader                       : loaded 2 times (x 75B)
Class com.google.common.base.Joiner                                                   : loaded 2 times (x 79B)
Class com.google.common.base.MoreObjects                                              : loaded 2 times (x 71B)
Class com.google.common.collect.UnmodifiableIterator                                  : loaded 2 times (x 80B)
Class org.gradle.internal.service.ServiceLocator                                      : loaded 2 times (x 70B)
Class com.google.common.collect.Iterators$SingletonIterator                           : loaded 2 times (x 81B)
Class com.google.common.cache.LocalCache$1                                            : loaded 2 times (x 89B)
Class com.google.common.collect.AbstractMapEntry                                      : loaded 2 times (x 81B)
Class com.google.common.collect.ImmutableList$Builder                                 : loaded 2 times (x 77B)
Class com.google.common.cache.LocalCache$2                                            : loaded 2 times (x 142B)
Class com.google.common.collect.AbstractMultimap                                      : loaded 2 times (x 123B)
Class com.google.common.collect.ImmutableRangeSet$1                                   : loaded 2 times (x 210B)
Class com.google.common.collect.RegularImmutableAsList                                : loaded 2 times (x 217B)
Class com.google.common.collect.Range                                                 : loaded 2 times (x 87B)
Class com.google.common.collect.Iterators                                             : loaded 2 times (x 71B)
Class com.google.common.util.concurrent.AbstractFuture$Trusted                        : loaded 2 times (x 70B)
Class com.google.common.collect.Lists$StringAsImmutableList                           : loaded 2 times (x 207B)
Class com.google.common.util.concurrent.UncheckedExecutionException                   : loaded 2 times (x 82B)
Class org.gradle.internal.InternalTransformer                                         : loaded 2 times (x 70B)
Class com.google.common.cache.CacheLoader$UnsupportedLoadingOperationException        : loaded 2 times (x 82B)
Class org.gradle.internal.classloader.ClasspathUtil$1                                 : loaded 2 times (x 76B)
Class com.google.common.base.Objects                                                  : loaded 2 times (x 71B)
Class com.google.common.collect.IndexedImmutableSet                                   : loaded 2 times (x 152B)
Class com.google.common.collect.ImmutableMap$1                                        : loaded 2 times (x 81B)
Class com.google.common.collect.BiMap                                                 : loaded 2 times (x 70B)
Class org.gradle.api.internal.classpath.DefaultModuleRegistry$DefaultModule           : loaded 2 times (x 86B)
Class com.google.common.primitives.Ints                                               : loaded 2 times (x 71B)
Class com.google.common.collect.AbstractIterator                                      : loaded 2 times (x 82B)
Class com.google.common.collect.ObjectArrays                                          : loaded 2 times (x 71B)
Class com.google.common.collect.AbstractIndexedListIterator                           : loaded 2 times (x 96B)
Class com.google.common.collect.ArrayListMultimapGwtSerializationDependencies         : loaded 2 times (x 172B)
Class com.google.common.collect.Multiset                                              : loaded 2 times (x 70B)
Class com.google.common.collect.ImmutableMapEntrySet                                  : loaded 2 times (x 152B)
Class org.gradle.api.internal.classpath.Module                                        : loaded 2 times (x 70B)
Class com.google.common.cache.Weigher                                                 : loaded 2 times (x 70B)
Class org.gradle.api.internal.classpath.UnknownModuleException                        : loaded 2 times (x 82B)
Class com.google.common.base.Stopwatch                                                : loaded 2 times (x 72B)
Class com.google.common.cache.LocalCache$Strength                                     : loaded 2 times (x 81B)
Class com.google.common.cache.Cache                                                   : loaded 2 times (x 70B)
Class com.google.common.base.NullnessCasts                                            : loaded 2 times (x 71B)
Class com.google.common.util.concurrent.AbstractFuture$Cancellation                   : loaded 2 times (x 72B)
Class com.google.common.collect.ImmutableMap$Builder                                  : loaded 2 times (x 82B)
Class com.google.common.cache.RemovalListener                                         : loaded 2 times (x 70B)
Class org.gradle.api.internal.DefaultClassPathRegistry                                : loaded 2 times (x 76B)
Class com.google.common.primitives.IntsMethodsForWeb                                  : loaded 2 times (x 71B)
Class com.google.common.collect.Multimap                                              : loaded 2 times (x 70B)
Class org.gradle.api.internal.ClassPathRegistry                                       : loaded 2 times (x 70B)
Class org.gradle.internal.classpath.DefaultClassPath$ImmutableUniqueList              : loaded 2 times (x 199B)
Class com.google.common.base.ExtraObjectsMethodsForWeb                                : loaded 2 times (x 71B)
Class com.google.common.cache.CacheBuilder                                            : loaded 2 times (x 72B)
Class com.google.common.collect.SingletonImmutableList                                : loaded 2 times (x 207B)
Class org.gradle.internal.classpath.ClassPath                                         : loaded 2 times (x 70B)
Class org.gradle.api.UncheckedIOException                                             : loaded 2 times (x 82B)
Class com.google.common.base.JdkPattern                                               : loaded 2 times (x 75B)
Class com.google.common.collect.ImmutableList$ReverseImmutableList                    : loaded 2 times (x 209B)
Class com.google.common.collect.Iterators$1                                           : loaded 2 times (x 81B)
Class com.google.common.base.Suppliers$SupplierOfInstance                             : loaded 2 times (x 79B)
Class com.google.common.cache.LocalCache$ComputingValueReference                      : loaded 2 times (x 96B)
Class com.google.common.collect.ImmutableMap$IteratorBasedImmutableMap                : loaded 2 times (x 126B)
Class com.google.common.collect.SingletonImmutableSet                                 : loaded 2 times (x 146B)
Class com.google.common.cache.LocalCache$Segment                                      : loaded 2 times (x 154B)
Class com.google.common.collect.SortedIterable                                        : loaded 2 times (x 70B)
Class com.google.common.collect.Iterators$4                                           : loaded 2 times (x 82B)
Class com.google.common.cache.CacheLoader                                             : loaded 2 times (x 74B)
Class com.google.common.collect.ImmutableBiMap                                        : loaded 2 times (x 143B)
Class com.google.common.collect.AbstractListMultimap                                  : loaded 2 times (x 172B)
Class org.gradle.internal.installation.GradleInstallation$1                           : loaded 2 times (x 75B)
Class org.gradle.api.internal.classpath.ModuleRegistry                                : loaded 2 times (x 70B)
Class com.google.common.collect.ImmutableSet$JdkBackedSetBuilderImpl                  : loaded 2 times (x 76B)
Class com.google.common.collect.Iterators$5                                           : loaded 2 times (x 82B)
Class com.google.common.util.concurrent.internal.InternalFutureFailureAccess          : loaded 2 times (x 72B)
Class com.google.common.cache.LocalCache$LocalManualCache$1                           : loaded 2 times (x 75B)
Class com.google.common.collect.ImmutableCollection                                   : loaded 2 times (x 125B)
Class org.gradle.api.internal.classpath.DefaultModuleRegistry                         : loaded 2 times (x 86B)
Class com.google.common.collect.Lists                                                 : loaded 2 times (x 71B)
Class com.google.common.util.concurrent.ListenableFuture                              : loaded 2 times (x 70B)
Class com.google.common.cache.ReferenceEntry                                          : loaded 2 times (x 70B)
Class com.google.common.base.Converter                                                : loaded 2 times (x 90B)
Class com.google.common.collect.ImmutableSet$CachingAsList                            : loaded 2 times (x 148B)
Class com.google.common.collect.Iterators$9                                           : loaded 2 times (x 81B)
Class com.google.common.util.concurrent.AbstractFuture                                : loaded 2 times (x 106B)
Class com.google.common.base.FunctionalEquivalence                                    : loaded 2 times (x 83B)
Class com.google.common.collect.AbstractMapBasedMultimap                              : loaded 2 times (x 139B)
Class com.google.common.collect.ImmutableAsList                                       : loaded 2 times (x 209B)
Class com.google.common.cache.CacheLoader$SupplierToCacheLoader                       : loaded 2 times (x 75B)
Class com.google.common.collect.Maps$EntryTransformer                                 : loaded 2 times (x 70B)
Class org.gradle.internal.service.ServiceLookupException                              : loaded 2 times (x 82B)
Class com.google.common.collect.ImmutableSortedSet                                    : loaded 2 times (x 300B)
Class [Lcom.google.common.cache.LocalCache$EntryFactory;                              : loaded 2 times (x 69B)
Class org.gradle.internal.classloader.ClassLoaderFactory                              : loaded 2 times (x 70B)
Class com.google.common.base.CommonPattern                                            : loaded 2 times (x 74B)
Class com.google.common.cache.LocalCache$LocalManualCache                             : loaded 2 times (x 99B)
Class org.gradle.internal.service.CachingServiceLocator                               : loaded 2 times (x 82B)
Class com.google.common.collect.RegularImmutableSortedSet                             : loaded 2 times (x 300B)
Class com.google.common.math.IntMath                                                  : loaded 2 times (x 71B)
Class com.google.common.collect.ImmutableMapEntry                                     : loaded 2 times (x 85B)
Class com.google.common.base.Equivalence                                              : loaded 2 times (x 82B)
Class com.google.common.collect.ImmutableMapEntry$NonTerminalImmutableMapEntry        : loaded 2 times (x 85B)
Class com.google.common.base.Function                                                 : loaded 2 times (x 70B)
Class com.google.common.cache.CacheBuilder$OneWeigher                                 : loaded 2 times (x 82B)
Class com.google.common.collect.RegularImmutableList                                  : loaded 2 times (x 213B)
Class org.gradle.internal.classloader.ClasspathUtil                                   : loaded 2 times (x 71B)
Class com.google.common.util.concurrent.Uninterruptibles                              : loaded 2 times (x 71B)
Class com.google.common.util.concurrent.LazyLogger                                    : loaded 2 times (x 72B)
Class com.google.common.collect.Maps                                                  : loaded 2 times (x 71B)
Class org.gradle.api.specs.Spec                                                       : loaded 2 times (x 70B)
Class [Lcom.google.common.collect.ImmutableEntry;                                     : loaded 2 times (x 69B)
Class com.google.common.cache.LocalCache$LoadingValueReference                        : loaded 2 times (x 96B)
Class com.google.common.base.Platform                                                 : loaded 2 times (x 71B)
Class com.google.common.collect.Maps$8                                                : loaded 2 times (x 82B)
Class com.google.common.collect.ImmutableRangeSet$Builder                             : loaded 2 times (x 77B)
Class com.google.common.collect.Sets$SetView                                          : loaded 2 times (x 138B)
Class com.google.common.cache.LocalCache$StrongValueReference                         : loaded 2 times (x 90B)
Class org.gradle.internal.classloader.VisitableURLClassLoader$InstrumentingVisitableURLClassLoader: loaded 2 times (x 123B)
Class [Lcom.google.common.cache.CacheBuilder$NullListener;                            : loaded 2 times (x 69B)
Class org.gradle.internal.classloader.VisitableURLClassLoader$Spec                    : loaded 2 times (x 74B)
Class org.gradle.internal.classpath.DefaultClassPath                                  : loaded 2 times (x 90B)
Class com.google.common.io.Closer                                                     : loaded 2 times (x 78B)
Class com.google.common.collect.RegularImmutableMap$Values                            : loaded 2 times (x 207B)
Class com.google.common.collect.ImmutableSet                                          : loaded 2 times (x 145B)
Class org.gradle.internal.classloader.ClassLoaderSpec                                 : loaded 2 times (x 71B)
Class com.google.common.cache.CacheStats                                              : loaded 2 times (x 71B)
Class com.google.common.io.Closer$Suppressor                                          : loaded 2 times (x 70B)
Class com.google.common.util.concurrent.AbstractFuture$Listener                       : loaded 2 times (x 72B)
Class com.google.common.base.Supplier                                                 : loaded 2 times (x 70B)
Class org.gradle.internal.classloader.VisitableURLClassLoader                         : loaded 2 times (x 117B)
Class com.google.common.collect.ImmutableList$SerializedForm                          : loaded 2 times (x 73B)
Class org.gradle.internal.Cast                                                        : loaded 2 times (x 71B)
Class org.gradle.api.Action                                                           : loaded 2 times (x 70B)
Class com.google.common.collect.Sets                                                  : loaded 2 times (x 71B)
Class com.google.common.base.Strings                                                  : loaded 2 times (x 71B)
Class com.google.common.base.Ticker                                                   : loaded 2 times (x 72B)
Class [Lcom.google.common.cache.LocalCache$Segment;                                   : loaded 2 times (x 69B)
Class com.google.common.base.Predicate                                                : loaded 2 times (x 70B)
Class [Lcom.google.common.cache.LocalCache$Strength;                                  : loaded 2 times (x 69B)
Class com.google.common.cache.CacheBuilder$1                                          : loaded 2 times (x 85B)
Class com.google.common.collect.ImmutableMap                                          : loaded 2 times (x 120B)
Class org.gradle.internal.classpath.DefaultClassPath$ImmutableUniqueList$Builder      : loaded 2 times (x 75B)
Class com.google.common.collect.AbstractRangeSet                                      : loaded 2 times (x 114B)
Class com.google.common.cache.LocalCache                                              : loaded 2 times (x 187B)
Class com.google.common.cache.CacheBuilder$2                                          : loaded 2 times (x 79B)
Class [Lcom.google.common.collect.AbstractMapEntry;                                   : loaded 2 times (x 69B)
Class com.google.common.cache.CacheBuilder$3                                          : loaded 2 times (x 72B)
Class com.google.common.collect.ImmutableEntry                                        : loaded 2 times (x 82B)
Class com.google.common.collect.ArrayListMultimap                                     : loaded 2 times (x 172B)
Class org.gradle.api.GradleException                                                  : loaded 2 times (x 82B)
Class com.google.common.base.Suppliers$MemoizingSupplier                              : loaded 2 times (x 79B)
Class com.google.common.collect.CollectPreconditions                                  : loaded 2 times (x 71B)
Class com.google.common.collect.SortedMapDifference                                   : loaded 2 times (x 70B)
Class com.google.common.cache.LocalCache$EntryFactory                                 : loaded 2 times (x 83B)
Class com.google.common.cache.LocalCache$AbstractReferenceEntry                       : loaded 2 times (x 107B)
Class org.gradle.internal.IoActions                                                   : loaded 2 times (x 71B)
Class com.google.common.collect.ImmutableRangeSet$ComplementRanges                    : loaded 2 times (x 207B)
Class com.google.common.cache.CacheLoader$InvalidCacheLoadException                   : loaded 2 times (x 82B)
Class com.google.common.collect.ImmutableSet$RegularSetBuilderImpl                    : loaded 2 times (x 77B)
Class org.gradle.internal.classloader.SystemClassLoaderSpec                           : loaded 2 times (x 71B)
Class com.google.common.cache.LocalCache$StrongEntry                                  : loaded 2 times (x 108B)
Class com.google.common.util.concurrent.AbstractFuture$TrustedFuture                  : loaded 2 times (x 114B)
Class com.google.common.cache.LoadingCache                                            : loaded 2 times (x 70B)
Class com.google.common.io.ByteStreams$LimitedInputStream                             : loaded 2 times (x 92B)
Class com.google.common.base.Suppliers$NonSerializableMemoizingSupplier               : loaded 2 times (x 79B)
Class [Lcom.google.common.cache.Weigher;                                              : loaded 2 times (x 69B)
Class com.google.common.collect.RegularImmutableMap$BucketOverflowException           : loaded 2 times (x 82B)
Class com.google.common.cache.LocalCache$ValueReference                               : loaded 2 times (x 70B)
Class com.google.common.collect.Hashing                                               : loaded 2 times (x 71B)
Class com.google.common.base.PatternCompiler                                          : loaded 2 times (x 70B)
Class com.google.common.util.concurrent.AbstractFuture$Failure                        : loaded 2 times (x 72B)
Class com.google.common.base.Equivalence$Equals                                       : loaded 2 times (x 82B)
Class com.google.common.base.Preconditions                                            : loaded 2 times (x 71B)
Class com.google.common.base.Joiner$1                                                 : loaded 2 times (x 80B)
Class com.google.common.collect.PeekingIterator                                       : loaded 2 times (x 70B)
Class com.google.common.collect.RangeGwtSerializationDependencies                     : loaded 2 times (x 71B)
Class com.google.common.base.Joiner$2                                                 : loaded 2 times (x 79B)
Class com.google.common.cache.LocalCache$EntryFactory$1                               : loaded 2 times (x 83B)
Class [Lcom.google.common.cache.RemovalListener;                                      : loaded 2 times (x 69B)
Class com.google.common.collect.RangeSet                                              : loaded 2 times (x 70B)
Class com.google.common.cache.LocalCache$EntryFactory$2                               : loaded 2 times (x 83B)
Class org.gradle.api.internal.classpath.GlobalCacheRootsProvider                      : loaded 2 times (x 70B)
Class com.google.common.collect.CollectCollectors                                     : loaded 2 times (x 71B)
Class com.google.common.cache.LocalCache$EntryFactory$3                               : loaded 2 times (x 83B)
Class com.google.common.base.Ticker$1                                                 : loaded 2 times (x 72B)
Class com.google.common.collect.ImmutableMapEntrySet$RegularEntrySet                  : loaded 2 times (x 152B)
Class com.google.common.collect.Maps$BiMapConverter                                   : loaded 2 times (x 90B)
Class com.google.common.collect.ImmutableSet$Builder                                  : loaded 2 times (x 85B)
Class com.google.common.cache.LocalCache$EntryFactory$4                               : loaded 2 times (x 83B)
Class com.google.common.io.ByteStreams$1                                              : loaded 2 times (x 85B)
Class com.google.common.cache.LocalCache$EntryFactory$5                               : loaded 2 times (x 83B)
Class com.google.common.cache.LocalCache$EntryFactory$6                               : loaded 2 times (x 83B)
Class org.gradle.internal.installation.CurrentGradleInstallationLocator               : loaded 2 times (x 71B)
Class com.google.common.cache.LocalCache$EntryFactory$7                               : loaded 2 times (x 83B)
Class com.google.common.collect.ImmutableList                                         : loaded 2 times (x 206B)
Class org.gradle.internal.service.DefaultServiceLocator                               : loaded 2 times (x 83B)
Class com.google.common.cache.LocalCache$EntryFactory$8                               : loaded 2 times (x 83B)
Class com.google.common.collect.ImmutableSet$SetBuilderImpl                           : loaded 2 times (x 76B)
Class org.gradle.internal.installation.CurrentGradleInstallation                      : loaded 2 times (x 73B)
Class com.google.common.collect.ForwardingObject                                      : loaded 2 times (x 72B)
Class com.google.common.cache.CacheLoader$1                                           : loaded 2 times (x 75B)
Class com.google.common.collect.ImmutableList$SubList                                 : loaded 2 times (x 209B)
Class org.gradle.util.internal.GUtil                                                  : loaded 2 times (x 71B)
Class com.google.common.cache.AbstractCache$StatsCounter                              : loaded 2 times (x 70B)
Class com.google.common.collect.Iterators$MergingIterator                             : loaded 2 times (x 81B)
Class com.google.common.collect.RegularImmutableSet                                   : loaded 2 times (x 149B)
Class org.gradle.internal.installation.GradleInstallation                             : loaded 2 times (x 75B)
Class com.google.common.collect.Iterables                                             : loaded 2 times (x 71B)

---------------  S Y S T E M  ---------------

OS:
 Windows 11 , 64 bit Build 26100 (10.0.26100.9022)
OS uptime: 1 days 22:49 hours
Hyper-V role detected

CPU: total 8 (initial active 8) (4 cores per cpu, 2 threads per core) family 6 model 142 stepping 12 microcode 0x100, cx8, cmov, fxsr, ht, mmx, 3dnowpref, sse, sse2, sse3, ssse3, sse4.1, sse4.2, popcnt, lzcnt, tsc, tscinvbit, avx, avx2, aes, erms, clmul, bmi1, bmi2, adx, fma, vzeroupper, clflush, clflushopt, hv, rdtscp, f16c
Processor Information for processor 0
  Max Mhz: 2112, Current Mhz: 1910, Mhz Limit: 1900
Processor Information for processor 1
  Max Mhz: 2112, Current Mhz: 1508, Mhz Limit: 1900
Processor Information for processor 2
  Max Mhz: 2112, Current Mhz: 1508, Mhz Limit: 1900
Processor Information for processor 3
  Max Mhz: 2112, Current Mhz: 1910, Mhz Limit: 1900
Processor Information for processor 4
  Max Mhz: 2112, Current Mhz: 1508, Mhz Limit: 1900
Processor Information for processor 5
  Max Mhz: 2112, Current Mhz: 1910, Mhz Limit: 1900
Processor Information for processor 6
  Max Mhz: 2112, Current Mhz: 1910, Mhz Limit: 1900
Processor Information for processor 7
  Max Mhz: 2112, Current Mhz: 1508, Mhz Limit: 1900

Memory: 4k page, system-wide physical 16198M (563M free)
TotalPageFile size 35251M (AvailPageFile size 13M)
current process WorkingSet (physical memory assigned to process): 1497M, peak: 1551M
current process commit charge ("private bytes"): 1678M, peak: 1732M

vm_info: OpenJDK 64-Bit Server VM (21.0.11+1-b1163.116) for windows-amd64 JRE (21.0.11+1-b1163.116), built on 2026-04-30 by "builduser" with MS VC++ 17.14 (VS2022)

END.
